date,score,technical_score,timing_score,risk_score,confluence_score,entry_status,entry,ret_5d,ret_20d,ret_60d
2023-07-17,72.0,76.5,66.5,13.0,63.5,좋은 종목 · 관심 진입,130.86630515201233,0.0019070571093815492,-0.018855595946949077,-0.09346478659493807
2023-07-18,72.0,76.5,66.5,13.0,63.5,좋은 종목 · 관심 진입,130.96742612115034,0.0009334705885775119,-0.022094664359336935,-0.0932525068995933
2023-07-19,72.0,76.5,66.5,13.0,63.5,좋은 종목 · 관심 진입,131.0428792097759,-3.18223157664832e-05,-0.02522955347411371,-0.09267508907541577
2023-07-20,70.85,78.5,61.5,21.0,62.0,좋은 종목 · 관심 진입,131.0926905964523,-0.0009865274346448905,-0.028252912755365678,-0.0917348998439893
2023-07-21,72.2,78.5,64.5,21.0,64.0,좋은 종목 · 관심 진입,131.11696285196308,-0.0019283686663172928,-0.03115759619617786,-0.09043497299910841
2023-07-24,70.85,78.5,61.5,21.0,62.0,좋은 종목 · 관심 진입,131.11587466963098,-0.002855089579356984,-0.033936667913195606,-0.08877900966595875
2023-07-25,70.85,78.5,61.5,21.0,62.0,좋은 종목 · 관심 진입,131.08968036149614,-0.003764455136437861,-0.036583408491722036,-0.08677138019833963
2023-07-26,69.05,78.5,57.5,21.0,60.0,관심 종목 · 타이밍 확인 대기,131.03870912189473,-0.0046542535743023805,-0.039091322180242694,-0.08441712760874076
2023-07-27,70.85,78.5,61.5,21.0,63.5,좋은 종목 · 관심 진입,130.96336406069747,-0.005522298474123111,-0.04145414502364286,-0.0817219724009538
2023-07-28,72.0,76.5,66.5,13.0,63.5,좋은 종목 · 관심 진입,130.86412100917667,-0.0063664310550061165,-0.04366585401405121,-0.07869231864964799
2023-07-31,72.0,76.5,66.5,13.0,63.5,좋은 종목 · 관심 진입,130.74152710217345,-0.0071845227217367524,-0.04572067732711049,-0.07533526114592837
2023-08-01,72.0,76.5,66.5,13.0,63.5,좋은 종목 · 관심 진입,130.5961991409253,-0.0079744778959282,-0.04761310569946675,-0.07165859340229208
2023-08-02,70.9,74.5,66.5,13.0,61.5,좋은 종목 · 관심 진입,130.42882174159217,-0.008734237157554392,-0.04933790499025259,-0.06767081628465554
2023-11-01,70.95,70.5,71.5,18.0,66.0,관심 종목 · 타이밍 확인 대기,123.67671484639683,0.019323268165925445,0.0796813226433668,0.0969531402735484
2023-11-02,74.3,72.5,76.5,18.0,64.5,좋은 종목 · 관심 진입,124.13414727257356,0.019614530048388312,0.07924890519183836,0.09053227053596924
2023-11-03,74.3,72.5,76.5,18.0,63.0,좋은 종목 · 관심 진입,124.60308934727506,0.0198504830745605,0.07860738609938789,0.08401791248275048
2023-11-06,74.3,72.5,76.5,18.0,63.0,좋은 종목 · 관심 진입,125.08231356221276,0.020031008935279315,0.07776149631306639,0.07743416151492077
2023-11-07,65.6,66.5,64.5,26.0,57.0,관심 종목 · 타이밍 확인 대기,125.5705625805846,0.020156193322722338,0.0767166162668953,0.07080490417152197
2023-11-08,63.8,66.5,60.5,26.0,57.5,관심 종목 · 타이밍 확인 대기,126.06655317325446,0.020226318204172422,0.07547872952998058,0.06415372406005382
2023-11-09,63.8,66.5,60.5,26.0,56.0,관심 종목 · 타이밍 확인 대기,126.56898023428252,0.020241853385531305,0.07405437561416339,0.057503815166975336
2023-11-10,66.05,66.5,65.5,18.0,59.0,관심 종목 · 타이밍 확인 대기,127.0765208634011,0.02020344749782521,0.07245060243980994,0.050877902759196125
2023-11-13,66.05,66.5,65.5,18.0,58.0,관심 종목 · 타이밍 확인 대기,127.58783850282286,0.020111918535947293,0.07067491892022382,0.04429817197248265
2023-11-14,68.25,70.5,65.5,18.0,57.0,관심 종목 · 타이밍 확인 대기,128.1015871156019,0.019968244073214292,0.0687352480831982,0.03778620407645006
2023-11-15,68.25,70.5,65.5,18.0,57.0,관심 종목 · 타이밍 확인 대기,128.61641539263994,0.0197735512682522,0.06663988110363173,0.031362920309505604
2023-11-16,66.0,70.5,60.5,26.0,55.0,관심 종목 · 타이밍 확인 대기,129.13097097534109,0.019529106772545157,0.0643974325749943,0.02504853309139432
2023-11-17,64.2,70.5,56.5,26.0,55.0,관심 종목 · 타이밍 확인 대기,129.64390468087112,0.019236306637932188,0.06201679730074949,0.018862504346405684
2023-11-20,64.2,70.5,56.5,26.0,54.5,관심 종목 · 타이밍 확인 대기,130.15387471696923,0.01889666631371356,0.05950710884048793,0.01282351060688458
2023-11-21,64.2,70.5,56.5,26.0,54.5,관심 종목 · 타이밍 확인 대기,130.65955087329235,0.018511810813001572,0.05687770000032666,0.006949414514368257
2023-11-22,64.2,70.5,56.5,26.0,53.5,관심 종목 · 타이밍 확인 대기,131.15961867634513,0.018083465117811226,0.05413806541366539,0.0012572422940613226
2023-11-30,71.15,72.5,69.5,18.0,62.5,좋은 종목 · 관심 진입,133.97164254084743,0.014707026497831732,0.03592920777165087,-0.028230596184627754
2023-12-01,68.9,72.5,64.5,26.0,59.5,좋은 종목 · 관심 진입,134.39781250077283,0.014029088867245632,0.032690611922580715,-0.03224523089817999
2023-12-04,70.9,74.5,66.5,26.0,63.0,좋은 종목 · 관심 진입,134.80890142711058,0.013324025328379951,0.02941982271988497,-0.0359729494162494
2023-12-05,72.9,76.5,68.5,26.0,61.0,좋은 종목 · 관심 진입,135.20391124449748,0.012594090109327771,0.026126476658793862,-0.039404516807676204
2023-12-06,72.9,76.5,68.5,26.0,61.0,좋은 종목 · 관심 진입,135.58189644299546,0.011841563081103068,0.02282011937991868,-0.0425315362312112
2023-12-07,76.5,76.5,76.5,18.0,64.5,분할진입 우수,135.9419670376537,0.011068744753403914,0.019510191273576005,-0.04534643699491436
2023-12-08,76.5,76.5,76.5,18.0,64.5,분할진입 우수,136.2832913559096,0.010277951676223918,0.016206014590271822,-0.047842462053246826
2023-12-11,75.35,78.5,71.5,26.0,65.0,좋은 종목 · 관심 진입,136.60509864421647,0.009471512223101497,0.012916781905576435,-0.050013655267635015
2023-12-12,67.55,72.5,61.5,26.0,57.5,좋은 종목 · 관심 진입,136.90668148584422,0.008651762728754342,0.009651545783605275,-0.051854848726176295
2023-12-13,67.55,72.5,61.5,26.0,58.5,좋은 종목 · 관심 진입,137.18739802238076,0.007821043951287132,0.006419209481136612,-0.05336165038763796
2023-12-14,65.75,72.5,57.5,26.0,58.5,관심 종목 · 타이밍 확인 대기,137.44667397206916,0.006981697827063593,0.0032285185337646016,-0.054530432284315644
2023-12-15,65.75,72.5,57.5,26.0,57.0,관심 종목 · 타이밍 확인 대기,137.6840044387424,0.006136064484671078,8.805306627390763e-05,-0.05535831948782377
2023-12-18,67.1,72.5,60.5,26.0,59.0,좋은 종목 · 관심 진입,137.89895550576315,0.005286479483116224,-0.0029937793285275127,-0.05584318001170974
2023-12-19,74.0,78.5,68.5,21.0,68.0,좋은 종목 · 관심 진입,138.0911656100409,0.004435271238452332,-0.00600875029517367,-0.05598361579498545
2023-12-20,72.65,78.5,65.5,21.0,66.0,좋은 종목 · 관심 진입,138.26034669187652,0.003584758602425131,-0.008948817153661692,-0.05577895488136653
2023-12-21,74.9,78.5,70.5,13.0,68.0,좋은 종목 · 관심 진입,138.4062851170771,0.002737248556373917,-0.011806129213921657,-0.05522924488016512
2023-12-22,74.9,78.5,70.5,13.0,68.0,좋은 종목 · 관심 진입,138.52884236848627,0.0018950339835714924,-0.01457303410448929,-0.05433524776649035
2023-12-25,74.9,78.5,70.5,13.0,68.0,좋은 종목 · 관심 진입,138.62795550478754,0.001060391483347134,-0.01724208424677376,-0.05309843605051001
2023-12-26,73.75,80.5,65.5,21.0,66.5,좋은 종목 · 관심 진입,138.70363738515547,0.00023557919074801426,-0.01980604359914573,-0.05152099031811952
2023-12-27,75.1,80.5,68.5,21.0,68.5,좋은 종목 · 관심 진입,138.7559766590545,-0.0005771654338962984,-0.022257894787278465,-0.049605798118278366
2023-12-28,73.75,80.5,65.5,21.0,66.5,좋은 종목 · 관심 진입,138.78513752120688,-0.0013756278802780075,-0.02459084672866607,-0.047356454145492055
2023-12-29,73.75,80.5,65.5,21.0,64.0,좋은 종목 · 관심 진입,138.79135923247935,-0.0021576189620278186,-0.026798342850108847,-0.044777261639417865
2024-01-01,73.75,80.5,65.5,21.0,66.5,좋은 종목 · 관심 진입,138.77495540815863,-0.0029209773216848367,-0.028874069987083306,-0.04187323489722683
2024-01-02,73.75,80.5,65.5,21.0,68.0,좋은 종목 · 관심 진입,138.73631307580447,-0.003663572097670431,-0.030811968043303772,-0.038650102768218564
2024-01-03,74.9,78.5,70.5,13.0,67.0,좋은 종목 · 저항 돌파 확인 대기,138.67589150558038,-0.004383305782443281,-0.03260624047738603,-0.035114312974176776
2024-01-04,74.9,78.5,70.5,13.0,67.0,좋은 종목 · 저항 돌파 확인 대기,138.5942208166645,-0.005078117299012086,-0.03425136567127651,-0.03127303707315232
2024-01-05,74.9,78.5,70.5,13.0,67.0,좋은 종목 · 저항 돌파 확인 대기,138.49190036403374,-0.005745985320671609,-0.035742109221956087,-0.027134175858759102
2024-01-08,74.9,78.5,70.5,13.0,67.0,좋은 종목 · 저항 돌파 확인 대기,138.36959691059357,-0.006384931856236786,-0.03707353718382178,-0.022706364961832537
2024-01-09,74.9,78.5,70.5,13.0,66.0,좋은 종목 · 관심 진입,138.2280425902863,-0.006993026120110546,-0.03824103027404513,-0.017998980396464193
2024-01-11,65.35,68.5,61.5,26.0,56.0,관심 종목 · 타이밍 확인 대기,137.8904231063923,-0.008109196057535795,-0.04006739994690289,-0.007786726839787206
2024-03-28,66.83,63.0,71.5,18.0,64.5,관심 종목 · 타이밍 확인 대기,134.2599586109403,0.019043275920476166,0.0887416127910039,0.18027300500765375
2024-03-29,66.58,65.0,68.5,18.0,60.0,관심 종목 · 타이밍 확인 대기,134.7340367845423,0.01962971226896415,0.08966570471901325,0.17520374206091582
2024-04-01,70.18,65.0,76.5,18.0,64.5,구조 개선 중 · 소액 정찰 가능,135.22772634351998,0.020170226308265482,0.0903833188325589,0.16988752141656938
2024-04-05,71.03,69.0,73.5,18.0,68.0,구조 개선 중 · 소액 정찰 가능,137.3788271594589,0.02184884016465949,0.09119559558424739,0.14658248593715273
2024-04-10,60.98,63.0,58.5,18.0,58.0,관심 종목 · 타이밍 확인 대기,139.14651196576744,0.02257904976022207,0.08970060619496345,0.12758298888596808
2024-04-16,62.58,61.0,64.5,26.0,54.0,관찰,141.6465179092596,0.02283877454979688,0.0851090284754592,0.10136871933405445
2024-04-17,67.03,65.0,69.5,18.0,64.5,관심 종목 · 타이밍 확인 대기,142.28830798340385,0.022778658664018625,0.08353545440413801,0.09480248348409348
2024-04-18,69.03,67.0,71.5,18.0,64.0,관심 종목 · 타이밍 확인 대기,142.93409146931404,0.022669975851843382,0.08180516959971929,0.08827274474631475
2024-04-19,69.03,67.0,71.5,18.0,64.0,관심 종목 · 타이밍 확인 대기,143.58248563176113,0.02251370350973758,0.07992561333628578,0.08179933086853208
2024-04-22,62.58,61.0,64.5,18.0,57.5,관찰,144.23210203953542,0.02231094855853155,0.07790453551569043,0.07540143890529105
2024-05-06,65.88,67.0,64.5,18.0,64.5,관심 종목 · 타이밍 확인 대기,150.4944017927218,0.018045302144497066,0.051762638418487716,0.019279178783741413
2024-05-07,65.88,67.0,64.5,18.0,63.0,관심 종목 · 타이밍 확인 대기,151.06840249809446,0.017432586125263105,0.048748760445412875,0.014766607849209912
2024-05-08,63.62,67.0,59.5,26.0,61.5,관심 종목 · 타이밍 확인 대기,151.62803843901153,0.016793648683954387,0.04569783710456954,0.010500457236708893
2024-05-09,65.88,67.0,64.5,26.0,61.5,관심 종목 · 타이밍 확인 대기,152.1722207766833,0.016130528123539545,0.04261867540893238,0.0064896848367292925
2024-05-10,65.88,67.0,64.5,26.0,61.5,관심 종목 · 타이밍 확인 대기,152.6999099341008,0.015445286949711479,0.0395199987953212,0.0027424440607257683
2024-05-13,65.88,67.0,64.5,26.0,60.0,관심 종목 · 타이밍 확인 대기,153.2101187441268,0.014740006924881088,0.03641043228806806,-0.0007339064654008354
2024-05-14,68.12,67.0,69.5,18.0,63.0,관심 종목 · 타이밍 확인 대기,153.7019154354484,0.014016784476859723,0.03329848906627397,-0.003932792238000249
2024-05-15,68.12,67.0,69.5,18.0,63.0,관심 종목 · 타이밍 확인 대기,154.17442644719344,0.013277726444639093,0.030192558313520745,-0.00684841153748883
2024-05-16,68.12,67.0,69.5,18.0,62.0,관심 종목 · 타이밍 확인 대기,154.62683906354306,0.012524946140846982,0.027100894224600047,-0.009475723684783666
2024-05-17,65.88,67.0,64.5,26.0,61.5,관심 종목 · 타이밍 확인 대기,155.05840386022808,0.011760559708117402,0.02403160604121446,-0.011810437135747476
2024-05-20,64.53,67.0,61.5,26.0,59.5,관심 종목 · 타이밍 확인 대기,155.4684369553771,0.01098668274466319,0.02099264898746811,-0.0138489976306152
2024-05-21,64.53,67.0,61.5,26.0,59.5,관심 종목 · 타이밍 확인 대기,155.8563220577876,0.010205427172813364,0.017991815976210912,-0.015588576588837277
2024-05-22,64.53,67.0,61.5,26.0,58.0,관심 종목 · 타이밍 확인 대기,156.2215123063184,0.009418898323061864,0.015036729958689765,-0.017027059913399145
2024-05-23,68.12,67.0,69.5,18.0,63.0,관심 종목 · 타이밍 확인 대기,156.56353189474336,0.008629192205343639,0.01213483679246341,-0.01816303734253022
2024-05-24,65.88,67.0,64.5,26.0,61.5,관심 종목 · 타이밍 확인 대기,156.88197747707167,0.007838392938668282,0.00929339850594757,-0.01899579246102301
2024-05-27,64.78,65.0,64.5,26.0,59.5,관심 종목 · 타이밍 확인 대기,157.17651934901448,0.007048570309986957,0.006519486842235134,-0.019525293458121262
2024-05-28,65.67,65.0,66.5,18.0,59.5,관심 종목 · 타이밍 확인 대기,157.44690240197087,0.006261777433114402,0.0038199769698463726,-0.01975218469426554
2024-05-29,65.67,65.0,66.5,18.0,59.5,관심 종목 · 타이밍 확인 대기,157.69294684660656,0.005480048478749833,0.0012015412537635939,-0.019677779114849137
2024-05-30,65.67,65.0,66.5,18.0,59.5,관심 종목 · 타이밍 확인 대기,157.91454870381054,0.004705396447064025,-0.0013293570135535226,-0.019304051525624644
2024-05-31,65.67,65.0,66.5,18.0,59.0,관심 종목 · 타이밍 확인 대기,158.11168006153227,0.003939810954936451,-0.0037664700145978447,-0.01863363272145757
2024-06-03,64.78,65.0,64.5,26.0,58.0,관심 종목 · 타이밍 확인 대기,158.28438909672505,0.0031852560107714645,-0.006103772028632881,-0.01766980443779398
2024-06-04,64.78,65.0,64.5,26.0,58.0,관심 종목 · 타이밍 확인 대기,158.4327998623453,0.0024436677508201665,-0.008335466350873788,-0.016416495072445136
2024-06-05,63.42,65.0,61.5,26.0,56.0,관심 종목 · 타이밍 확인 대기,158.55711184008288,0.0017169521121551679,-0.01045599257848373,-0.014878276104124288
2024-06-06,63.42,65.0,61.5,26.0,56.0,관심 종목 · 타이밍 확인 대기,158.65759926022116,0.0010069824188201348,-0.012460034323817148,-0.013060359113584386
2024-06-07,63.42,65.0,61.5,26.0,57.5,관심 종목 · 타이밍 확인 대기,158.7346101907421,0.00031559685927540215,-0.014342527405769134,-0.010968593293209095
2024-06-10,73.1,78.5,66.5,13.0,65.5,좋은 종목 · 관심 진입,158.78856539850668,-0.0003554041649876938,-0.016098668560005525,-0.008609463311576193
2024-06-11,74.45,78.5,69.5,13.0,67.5,좋은 종목 · 관심 진입,158.81995698604103,-0.0010042608377907047,-0.017723924698197724,-0.005990087380821518
2024-06-12,74.45,78.5,69.5,13.0,67.5,좋은 종목 · 관심 진입,158.82934680815393,-0.0016292568895334147,-0.019214042735187675,-0.0031182153567288484
2024-06-13,76.0,80.5,70.5,13.0,70.0,좋은 종목 · 관심 진입,158.8173646732884,-0.002228722734940458,-0.020565059991242585,-2.2266844066365366e-06
2024-06-14,76.0,80.5,70.5,13.0,70.0,좋은 종목 · 관심 진입,158.78470633517662,-0.0028010387982240204,-0.021773315164238194,0.0033488720136780614
2024-06-17,71.95,80.5,61.5,21.0,66.0,좋은 종목 · 관심 진입,158.73213128101162,-0.003344639033750707,-0.022835459853704276,0.006925449925482718
2024-06-18,73.75,80.5,65.5,21.0,66.5,좋은 종목 · 관심 진입,158.66046032298036,-0.003858014647217467,-0.023748470605273964,0.010717255844815865
2024-06-19,66.33,67.0,65.5,26.0,59.5,관심 종목 · 타이밍 확인 대기,158.57057300060666,-0.004339718019015448,-0.02450966143013522,0.01471342301833145
2024-06-20,66.33,67.0,65.5,26.0,59.5,관심 종목 · 타이밍 확인 대기,158.4634048019377,-0.004788366827893853,-0.025116696739727717,0.01890247529836464
2024-06-21,67.03,65.0,69.5,26.0,57.5,관심 종목 · 타이밍 확인 대기,158.33994421216718,-0.00520264836926132,-0.025567604621184348,0.02327233486417124
2024-06-24,69.28,65.0,74.5,18.0,59.5,구조 개선 중 · 소액 정찰 가능,158.2012295988187,-0.005581324058419934,-0.025860790363987918,0.027810331780097952
2024-09-04,63.48,61.0,66.5,26.0,59.5,관찰,158.33408269983752,0.016229015103827127,0.07243400898513941,0.12353879756101582
2024-09-05,66.83,63.0,71.5,18.0,61.5,관심 종목 · 타이밍 확인 대기,158.817011037139,0.016633887909805356,0.07284501055469694,0.11851488460203097
2024-09-06,74.12,73.0,75.5,10.0,70.0,좋은 종목 · 저항 돌파 확인 대기,159.3164559944226,0.01700030549210263,0.07308622979471457,0.11330966133982967
2024-09-09,73.68,73.0,74.5,18.0,68.5,좋은 종목 · 저항 돌파 확인 대기,159.8314227077634,0.01732722844669632,0.07315774336079173,0.10794057756469289
2024-09-10,73.68,73.0,74.5,18.0,68.5,좋은 종목 · 저항 돌파 확인 대기,160.360865068718,0.01761377594516511,0.07306024518435117,0.10242543003752447
2024-09-11,68.58,67.0,70.5,18.0,65.0,관심 종목 · 타이밍 확인 대기,160.9036889194238,0.01785922556151709,0.07279502804757532,0.09678227720317722
2024-09-12,68.58,67.0,70.5,18.0,65.0,관심 종목 · 타이밍 확인 대기,161.4587553969011,0.01806301220680906,0.07236396250193589,0.0910293558690436
2024-09-13,71.72,67.0,77.5,18.0,65.5,구조 개선 중 · 소액 정찰 가능,162.02488441624692,0.01822472622964444,0.07176947344963525,0.08518500042234489
2024-09-16,76.18,71.0,82.5,18.0,73.0,구조 개선 중 · 소액 정찰 가능,162.60085828198132,0.018344110746487452,0.07101451471374531,0.07926756509433175
2024-09-17,75.93,73.0,79.5,18.0,68.0,좋은 종목 · 관심 진입,163.18542541641125,0.018421058270238877,0.07010254192411791,0.07329534971138463
2024-09-18,75.93,73.0,79.5,18.0,68.0,좋은 종목 · 관심 진입,163.77730419351596,0.01845560670873292,0.06903748404255738,0.06728652930319745
2024-09-19,75.93,73.0,79.5,18.0,68.0,좋은 종목 · 관심 진입,164.37518686653152,0.018447934806748112,0.06782371384281105,0.06125908786820067
2024-09-20,69.47,67.0,72.5,26.0,62.5,구조 개선 중 · 소액 정찰 가능,164.9777435771228,0.018398357105875895,0.06646601764906235,0.055230756527363756
2024-09-23,71.72,67.0,77.5,18.0,65.5,구조 개선 중 · 소액 정찰 가능,165.5836264337799,0.018307318496211034,0.06496956462137304,0.04921895623061179
2024-09-24,69.93,67.0,73.5,18.0,67.0,구조 개선 중 · 소액 정찰 가능,166.1914736468607,0.018175388432467132,0.06333987585846224,0.04324074511623888
2024-09-25,69.93,67.0,73.5,18.0,67.0,구조 개선 중 · 소액 정찰 가능,166.799913707528,0.01800325488482457,0.06158279356784968,0.037312770563713515
2024-09-26,69.93,67.0,73.5,18.0,63.5,구조 개선 중 · 소액 정찰 가능,167.40756959769234,0.017791718091781483,0.059704450531328446,0.03145122592478056
2024-09-27,67.67,67.0,68.5,26.0,61.5,관심 종목 · 타이밍 확인 대기,168.01306301797632,0.017541684178561834,0.057711240070408065,0.025671811867258754
2024-09-30,67.67,67.0,68.5,26.0,61.5,관심 종목 · 타이밍 확인 대기,168.61501862066075,0.017254158700374278,0.05560978669234817,0.019989702220732042
2024-10-01,67.67,67.0,68.5,26.0,61.0,관심 종목 · 타이밍 확인 대기,169.2120682345565,0.01693024016517297,0.05340691757308602,0.014419514173663606
2024-10-02,67.67,67.0,68.5,26.0,61.0,관심 종목 · 타이밍 확인 대기,169.80285506877135,0.016571113585578834,0.05110963500915755,0.008975282637369242
2024-10-03,65.88,67.0,64.5,26.0,61.0,관심 종목 · 타이밍 확인 대기,170.3860378824048,0.01617804410446677,0.0487250899469962,0.003670438563737388
2024-10-04,65.88,67.0,64.5,26.0,60.0,관심 종목 · 타이밍 확인 대기,170.9602951073105,0.015752370733438825,0.04626055667504536,-0.0014822090195634186
2024-10-07,65.88,67.0,64.5,26.0,61.5,관심 종목 · 타이밍 확인 대기,171.5243289112082,0.01529550023813031,0.043723408742204484,-0.006470487510590428
2024-10-08,65.88,67.0,64.5,26.0,61.5,관심 종목 · 타이밍 확인 대기,172.0768691886132,0.01480890119905598,0.041121096145458,-0.011282872038604452
2024-10-09,68.12,67.0,69.5,18.0,63.5,관심 종목 · 타이밍 확인 대기,172.61667746727156,0.014294098271617761,0.03846112381024547,-0.01590849384924886
2024-10-10,68.12,67.0,69.5,18.0,64.5,관심 종목 · 타이밍 확인 대기,173.1425507180517,0.01375266666396513,0.03575103136935476,-0.020337146049427712
2024-10-11,68.12,67.0,69.5,18.0,64.5,관심 종목 · 타이밍 확인 대기,173.65332505653896,0.01318622684672377,0.03299837422992047,-0.02455928699233645
2024-10-14,65.88,67.0,64.5,26.0,61.5,관심 종목 · 타이밍 확인 대기,174.1478793249147,0.012596439504171109,0.030210705903528146,-0.028566041580133206
2024-10-15,65.88,67.0,64.5,26.0,61.5,관심 종목 · 타이밍 확인 대기,174.62513854307025,0.011985000732304574,0.02739556156145695,-0.03234920075575376
2024-10-16,65.88,67.0,64.5,26.0,61.5,관심 종목 · 타이밍 확인 대기,175.0840772183089,0.01135363748541418,0.024560442765755086,-0.03590121944677038
2024-10-17,65.88,67.0,64.5,26.0,61.5,관심 종목 · 타이밍 확인 대기,175.52372250342574,0.010704103269262077,0.021712803317034624,-0.03921521321332855
2024-10-18,68.12,67.0,69.5,18.0,63.0,관심 종목 · 타이밍 확인 대기,175.94315719342234,0.01003817407577512,0.018860036151597814,-0.04228495383943265
2024-10-21,68.12,67.0,69.5,18.0,63.0,관심 종목 · 타이밍 확인 대기,176.34152255161067,0.0093576445512904,0.01600946121365432,-0.045104864092525565
2024-10-22,68.12,67.0,69.5,18.0,62.0,관심 종목 · 타이밍 확인 대기,176.71802095638773,0.008664324387839484,0.013168314222888,-0.047670011860689865
2024-10-23,65.88,67.0,64.5,26.0,61.5,관심 종목 · 타이밍 확인 대기,177.07191836051382,0.00796003492471109,0.010343736253419555,-0.04997610386019735
2024-10-24,64.53,67.0,61.5,26.0,59.5,관심 종목 · 타이밍 확인 대기,177.4025465553077,0.007246605945584683,0.007542764037146599,-0.052019479088747156
2024-10-25,64.53,67.0,61.5,26.0,59.5,관심 종목 · 타이밍 확인 대기,177.70930523277136,0.006525872654863596,0.0047723209025238855,-0.053797102181798895
2024-10-28,64.53,67.0,61.5,26.0,58.0,관심 종목 · 타이밍 확인 대기,177.991663839282,0.005799672815437917,0.002039208258879155,-0.05530655681108554
2024-10-29,68.12,67.0,69.5,18.0,62.0,관심 종목 · 타이밍 확인 대기,178.2491632151309,0.005069844028978476,-0.0006499024636237305,-0.05654603924584112
2024-10-30,65.88,67.0,64.5,26.0,61.5,관심 종목 · 타이밍 확인 대기,178.48141701484911,0.0043382211389544345,-0.0032884775074281114,-0.05751435217860923
2024-10-31,64.53,67.0,61.5,26.0,59.5,관심 종목 · 타이밍 확인 대기,178.68811290393728,0.003606633735910858,-0.00587012820184718,-0.058210898898840346
2024-11-01,65.67,65.0,66.5,18.0,59.5,관심 종목 · 타이밍 확인 대기,178.8690135283047,0.0028769037440827816,-0.008388618183186702,-0.0586356778788768
2024-11-04,65.67,65.0,66.5,18.0,59.5,관심 종목 · 타이밍 확인 대기,179.02395725342527,0.0021508430681846935,-0.010837870502732216,-0.0587892778184691
2024-11-05,65.67,65.0,66.5,18.0,59.5,관심 종목 · 타이밍 확인 대기,179.15285867092754,0.0014302512791493083,-0.01321197470091362,-0.058672873175685925
2024-11-06,73.1,78.5,66.5,13.0,64.0,좋은 종목 · 관심 진입,179.25570887105349,0.0007169133177409304,-0.015505193921693028,-0.05828822019402413
2024-11-07,72.2,78.5,64.5,21.0,64.0,좋은 종목 · 관심 진입,179.33257548014285,1.2597195280905638e-05,-0.017711972136351117,-0.05763765341771998
2024-11-08,70.85,78.5,61.5,21.0,62.0,좋은 종목 · 관심 진입,179.38360246302466,-0.0006809483287820717,-0.01982694154044795,-0.05672408266974227
2024-11-11,70.85,78.5,61.5,21.0,62.0,좋은 종목 · 관심 진입,179.4090096909228,-0.001361996112047792,-0.02184493018177902,-0.055550990449727444
2024-11-12,70.85,78.5,61.5,21.0,62.0,좋은 종목 · 관심 진입,179.4090922762049,-0.0020288430558254023,-0.023760969870656345,-0.05412242969223757
2024-11-13,70.85,78.5,61.5,21.0,63.5,좋은 종목 · 관심 진입,179.38421967602423,-0.002679812611000143,-0.025570304416836276,-0.05244302180920646
2024-11-14,68.85,76.5,59.5,13.0,62.5,좋은 종목 · 저항 돌파 확인 대기,179.3348345676164,-0.0033132573796144094,-0.027268398229861712,-0.050517954924347075
2024-11-15,68.85,76.5,59.5,13.0,62.5,좋은 종목 · 저항 돌파 확인 대기,179.26145149871655,-0.003927561827283821,-0.028850945311512555,-0.04835298219165041
2024-11-18,68.85,76.5,59.5,13.0,62.5,좋은 종목 · 저항 돌파 확인 대기,179.16465531725743,-0.004521145119992354,-0.03031387866044244,-0.04595442007502404
2024-11-19,68.85,76.5,59.5,13.0,62.5,좋은 종목 · 저항 돌파 확인 대기,179.04509938518837,-0.005092464097039118,-0.03165338009994423,-0.04332914645163133
2024-11-20,71.75,78.5,63.5,13.0,66.0,좋은 종목 · 저항 돌파 확인 대기,178.903503581922,-0.00564001638994216,-0.03286589053011679,-0.0404845983877532
2024-11-21,68.4,76.5,58.5,21.0,61.0,좋은 종목 · 저항 돌파 확인 대기,178.74065210356332,-0.006162343694931294,-0.03394812059553043,-0.037428769423075936
2025-02-14,64.45,68.5,59.5,18.0,58.0,관심 종목 · 타이밍 확인 대기,172.45604819574163,0.012879704775240253,0.05511473587576887,0.06907261706843681
2025-02-17,64.45,68.5,59.5,18.0,59.5,관심 종목 · 타이밍 확인 대기,172.8759277689971,0.01316604337287064,0.055126801413132975,0.06459389636229051
2025-02-18,72.05,72.5,71.5,18.0,68.0,좋은 종목 · 관심 진입,173.30914730907085,0.013415001890416445,0.05498703494648183,0.060006901632775334
2025-02-19,71.8,74.5,68.5,18.0,63.5,좋은 종목 · 저항 돌파 확인 대기,173.75456411555174,0.013626010722899595,0.0546969702054767,0.055327906286688044
2025-02-20,73.15,74.5,71.5,18.0,65.5,좋은 종목 · 저항 돌파 확인 대기,174.21099723780435,0.01379864288081567,0.054258655153494706,0.050573309767625974
2025-02-21,70.9,74.5,66.5,18.0,64.0,좋은 종목 · 저항 돌파 확인 대기,174.6772311832074,0.013932612179651471,0.05367463110358672,0.04575956897519862
2025-02-24,70.9,74.5,66.5,26.0,62.5,좋은 종목 · 저항 돌파 확인 대기,175.15201973212896,0.014027770778546556,0.052947910170686674,0.04090313230191511
2025-02-25,65.35,68.5,61.5,26.0,56.0,관심 종목 · 타이밍 확인 대기,175.63408984784851,0.014084106126397877,0.05208195133225879,0.036020376627432515
2025-02-26,65.35,68.5,61.5,26.0,56.0,관심 종목 · 타이밍 확인 대기,176.12214566934298,0.014101737376075674,0.05108063536563989,0.03112754755370717
2025-02-27,67.6,68.5,66.5,18.0,59.0,관심 종목 · 타이밍 확인 대기,176.6148725745996,0.014080911328745005,0.04994823892291289,0.026240703108563412
2025-02-28,68.95,68.5,69.5,18.0,62.5,관심 종목 · 타이밍 확인 대기,177.11094130189835,0.014021997970706135,0.04868940799373522,0.021375661090230702
2025-03-03,71.15,72.5,69.5,18.0,61.5,좋은 종목 · 저항 돌파 확인 대기,177.60901211633072,0.013925485664640469,0.04730913099339751,0.016547950172257186
2025-03-04,68.0,72.5,62.5,18.0,60.5,좋은 종목 · 저항 돌파 확인 대기,178.10773900867892,0.013791976055849364,0.04581271169813772,0.011772764837672423
2025-03-14,67.55,72.5,61.5,26.0,57.5,좋은 종목 · 관심 진입,181.9609177422288,0.011497245743159468,0.030379706066840262,-0.022853912474275373
2025-03-17,69.8,72.5,66.5,18.0,59.5,좋은 종목 · 관심 진입,182.40602470822972,0.011073803259082693,0.028115667039287473,-0.026545209986664986
2025-03-18,75.6,76.5,74.5,18.0,70.0,좋은 종목 · 관심 진입,182.8389034486997,0.010624393836594193,0.02580015765459409,-0.030057668365188306
2025-03-19,77.6,78.5,76.5,18.0,68.0,분할진입 우수,183.25841233204568,0.01015049959440173,0.023440287327184173,-0.033381702005673364
2025-03-20,75.35,78.5,71.5,26.0,65.0,좋은 종목 · 관심 진입,183.6634516608768,0.009653650469841235,0.02104319943734745,-0.036508329200239165
2025-03-21,72.9,76.5,68.5,26.0,61.0,좋은 종목 · 관심 진입,184.052967129162,0.009135419440204018,0.018616053942628774,-0.03942917719012684
2025-03-24,72.9,76.5,68.5,26.0,61.0,좋은 종목 · 관심 진입,184.42595313912005,0.008597417934090856,0.01616601099954007,-0.04213648554863436
2025-03-25,72.9,76.5,68.5,26.0,61.0,좋은 종목 · 관심 진입,184.78145596758972,0.008041291436525766,0.013700215561101903,-0.04462310811499959
2025-03-26,72.9,76.5,68.5,26.0,59.5,좋은 종목 · 관심 진입,185.1185767720928,0.007468715288241556,0.011225782906113757,-0.046882513692495964
2025-03-27,70.05,70.5,69.5,18.0,59.0,관심 종목 · 타이밍 확인 대기,185.4364744272955,0.006881390676576338,0.008749785047823977,-0.04890878571449331
2025-03-28,67.8,70.5,64.5,26.0,56.0,관심 종목 · 타이밍 확인 대기,185.73436818310097,0.006281040812639915,0.006279237962629081,-0.05069662107110573
2025-03-31,66.45,70.5,61.5,26.0,55.5,관심 종목 · 타이밍 확인 대기,186.01154013615013,0.005669407286970518,0.003821089573709413,-0.05224132827648198
2025-04-01,64.65,70.5,57.5,26.0,55.5,관심 종목 · 타이밍 확인 대기,186.26733750709067,0.0050482465936649845,0.0013822084198433782,-0.05353882514310837
2025-04-02,64.65,70.5,57.5,26.0,55.5,관심 종목 · 타이밍 확인 대기,186.50117471656804,0.004419326811037072,-0.0010306270638306136,-0.05458563611480671
2025-04-03,71.55,76.5,65.5,21.0,64.0,좋은 종목 · 관심 진입,186.71253525351668,0.0037844244251796777,-0.0034107387287936053,-0.055378889394669395
2025-04-04,72.9,76.5,68.5,21.0,64.5,좋은 종목 · 관심 진입,186.9009733299689,0.0031453212813581377,-0.00575155843704378,-0.05591631398810826
2025-04-07,72.9,76.5,68.5,21.0,66.0,좋은 종목 · 관심 진입,187.06611531725864,0.002503801646991821,-0.008046637403599122,-0.05619623676466956
2025-04-08,71.55,76.5,65.5,21.0,64.0,좋은 종목 · 관심 진입,187.20766095917187,0.0018616493690042368,-0.010289655234987816,-0.05621757962537921
2025-04-09,73.8,76.5,70.5,13.0,66.0,좋은 종목 · 관심 진입,187.3253843582829,0.0012206451076175462,-0.012474428739913113,-0.05597985684525797
2025-04-10,73.8,76.5,70.5,13.0,66.0,좋은 종목 · 관심 진입,187.4191347324173,0.0005825636281313606,-0.014594920586378124,-0.05548317264337155
2025-04-11,73.8,76.5,70.5,13.0,66.0,좋은 종목 · 관심 진입,187.4888369388902,-5.0828868035202035e-05,-0.01664524787683963,-0.05472821901541236
2025-04-14,74.9,78.5,70.5,13.0,68.0,좋은 종목 · 관심 진입,187.53449176488635,-0.0006777773918943408,-0.018619690709598125,-0.053716273846454166
2025-04-15,74.0,78.5,68.5,21.0,66.5,좋은 종목 · 관심 진입,187.55617598306927,-0.0012965408137306511,-0.020512700790562666,-0.05244919930417791
2025-04-16,72.65,78.5,65.5,21.0,64.5,좋은 종목 · 관심 진입,187.5540421722324,-0.001905394526656834,-0.022318910154797256,-0.050929440495675604
2025-04-17,72.65,78.5,65.5,21.0,64.5,좋은 종목 · 관심 진입,187.52831830352824,-0.0025026331447605132,-0.024033140051918145,-0.04916002435384115
2025-04-18,70.85,78.5,61.5,21.0,62.5,좋은 종목 · 관심 진입,187.47930709353935,-0.0030865732530652723,-0.02565041004342905,-0.047144558702550854
2025-04-21,70.85,78.5,61.5,21.0,64.0,좋은 종목 · 관심 진입,187.40738512616772,-0.003655556225559131,-0.027165947353464115,-0.0448872314332015
2025-04-22,68.4,76.5,58.5,21.0,63.0,좋은 종목 · 저항 돌파 확인 대기,187.31300174603996,-0.0042079511264991876,-0.028575196507248157,-0.04239280970898296
2025-04-23,70.65,76.5,63.5,13.0,66.0,좋은 종목 · 저항 돌파 확인 대기,187.19667772682507,-0.004742157708864658,-0.029873829283762476,-0.039666639097402534
2025-04-24,69.55,74.5,63.5,13.0,63.0,좋은 종목 · 저항 돌파 확인 대기,187.05900371856063,-0.005256609522328981,-0.03105775500074337,-0.03671464251626999
2025-04-25,69.55,74.5,63.5,13.0,63.0,좋은 종목 · 저항 돌파 확인 대기,186.9006384787612,-0.005749777141409229,-0.03212313114117049,-0.033543318863631266
2025-04-30,61.35,64.5,57.5,26.0,52.5,관심 종목 · 타이밍 확인 대기,186.30896155846895,-0.00708690740099438,-0.03457349202624682,-0.02278697125697038
2025-07-23,69.35,63.5,76.5,18.0,60.5,구조 개선 중 · 소액 정찰 가능,182.0635446065201,0.014801425643817145,0.06388019178970583,0.10624514462570822
2025-07-24,69.35,63.5,76.5,18.0,62.0,구조 개선 중 · 소액 정찰 가능,182.57473598687625,0.015106803309413719,0.06400070960803461,0.10209607846658542
2025-07-25,69.35,63.5,76.5,18.0,62.0,구조 개선 중 · 소액 정찰 가능,183.10099580659897,0.015375467772698936,0.06397238962074381,0.0978309708647267
2025-07-28,69.35,63.5,76.5,18.0,60.5,구조 개선 중 · 소액 정찰 가능,183.6411590912708,0.015606911676533608,0.06379684651853945,0.09346565666878726
2025-08-05,62.9,66.5,58.5,24.0,53.0,관심 종목 · 타이밍 확인 대기,187.10442842761145,0.016202641279918106,0.05980195842228908,0.06606319895933788
2025-08-06,62.9,66.5,58.5,24.0,53.0,관심 종목 · 타이밍 확인 대기,187.70649607708663,0.016170618430444428,0.058679847374521144,0.061441857184995285
2025-08-07,62.9,66.5,58.5,24.0,54.5,관심 종목 · 타이밍 확인 대기,188.3120649727705,0.016102052779087828,0.05743933449437377,0.056846050860520636
2025-08-08,62.9,66.5,58.5,24.0,53.5,관심 종목 · 타이밍 확인 대기,188.91975963344785,0.01599756431415167,0.056085638423850614,0.05229052889328201
2025-08-12,65.6,66.5,64.5,32.0,55.0,관심 종목 · 타이밍 확인 대기,190.13601436330816,0.015683808037417313,0.053060902865301296,0.04335743282969062
2025-08-13,70.05,70.5,69.5,32.0,61.0,관심 종목 · 타이밍 확인 대기,190.7418262020649,0.01547627287947928,0.05140155372791688,0.03900734808056461
2025-08-14,72.05,72.5,71.5,32.0,60.0,좋은 종목 · 관심 진입,191.34427578190105,0.015236269037689265,0.04965235084947639,0.03475246308672508
2025-08-15,72.05,72.5,71.5,32.0,60.0,좋은 종목 · 관심 진입,191.942015638398,0.014964875732566219,0.0478196124406125,0.030605328189516667
2025-08-18,72.05,72.5,71.5,32.0,59.0,좋은 종목 · 관심 진입,192.53371644977088,0.014663247220228826,0.045909802128005106,0.026577971088100227
2025-08-19,72.05,72.5,71.5,32.0,60.5,좋은 종목 · 관심 진입,193.11807111358192,0.01433260723167451,0.04392950588679989,0.022681876890116026
2025-08-20,65.6,66.5,64.5,32.0,55.0,관심 종목 · 타이밍 확인 대기,193.69379875389828,0.013974243497405947,0.04188540988610079,0.018927971124086396
2025-08-21,67.85,66.5,69.5,24.0,57.0,관심 종목 · 타이밍 확인 대기,194.2596486465359,0.013589502383322793,0.039784279294168945,0.015326605517347991
2025-08-22,66.05,66.5,65.5,24.0,58.0,관심 종목 · 타이밍 확인 대기,194.8144040502849,0.013179783659643673,0.03763293807384671,0.011887546333907206
2025-08-25,66.05,66.5,65.5,24.0,58.0,관심 종목 · 타이밍 확인 대기,195.3568859323033,0.012746535420560257,0.03543824978370802,0.008619965060709278
2025-08-26,66.05,66.5,65.5,24.0,57.0,관심 종목 · 타이밍 확인 대기,195.8859565761915,0.012291249168429719,0.033207099386656225,0.005532431228157941
2025-08-27,63.8,66.5,60.5,32.0,55.0,관심 종목 · 타이밍 확인 대기,196.4005230616228,0.01181545507261883,0.030946376055118963,0.0026329071510009516
2025-08-28,63.8,66.5,60.5,32.0,52.5,관심 종목 · 타이밍 확인 대기,196.89954060480144,0.01132071740959617,0.028662956950733953,-7.125562134047136e-05
2025-08-29,63.8,66.5,60.5,32.0,52.5,관심 종목 · 타이밍 확인 대기,197.3820157494501,0.01080863018760625,0.02636369194644672,-0.0025733183505907142
2025-09-01,66.05,66.5,65.5,24.0,54.0,관심 종목 · 타이밍 확인 대기,197.84700939848975,0.010280812956258378,0.024055389250243087,-0.004867155849759386
2025-09-02,66.05,66.5,65.5,24.0,54.0,관심 종목 · 타이밍 확인 대기,198.29363967706564,0.009738906798597124,0.021744801882337406,-0.006947256106510036
2025-09-03,72.95,72.5,73.5,18.0,62.5,좋은 종목 · 관심 진입,198.72108461809623,0.00918457050072341,0.019438614951404087,-0.008808718967891482
2025-09-04,70.7,72.5,68.5,26.0,61.0,좋은 종목 · 관심 진입,199.1285846620677,0.008619476891818634,0.017143433670430586,-0.010447254052424082
2025-09-05,69.35,72.5,65.5,26.0,59.0,좋은 종목 · 관심 진입,199.5154449633702,0.008045309345452889,0.014865772048869186,-0.011859178042326834
2025-09-08,67.55,72.5,61.5,26.0,59.0,좋은 종목 · 관심 진입,199.88103749607072,0.007463758431351497,0.012612042194912298,-0.013041411494592148
2025-09-09,67.55,72.5,61.5,26.0,57.5,좋은 종목 · 관심 진입,200.2248029526352,0.006876518705347223,0.010388544159892543,-0.013991475294812816
2025-09-10,71.15,72.5,69.5,18.0,62.5,좋은 종목 · 관심 진입,200.54625242975135,0.006285285624030301,0.008201456255925832,-0.014707486862347796
2025-09-11,68.9,72.5,64.5,26.0,61.0,좋은 종목 · 관심 진입,200.84496889606297,0.00569175256964205,0.006056825777901675,-0.015188156199714475
2025-09-12,68.9,72.5,64.5,26.0,61.0,좋은 종목 · 관심 진입,201.12060843729617,0.005097607970026008,0.003960560061776919,-0.015432781863126355
2025-09-15,69.8,72.5,66.5,18.0,61.0,좋은 종목 · 관심 진입,201.3729012749493,0.004504532497904501,0.001918417812722062,-0.01544124691501847
2025-09-16,69.8,72.5,66.5,18.0,61.0,좋은 종목 · 관심 진입,201.60165255541344,0.003914196333469899,-6.399936099121817e-05,-0.015214014903259354
2025-09-17,69.8,72.5,66.5,18.0,61.0,좋은 종목 · 관심 진입,201.8067429071012,0.0033282564741545784,-0.001981255269435378,-0.014752125895667767
2025-09-18,69.8,72.5,66.5,18.0,61.0,좋은 종목 · 관심 진입,201.9881287638768,0.002748354075542192,-0.0038280873752348787,-0.014057192582525357
2025-09-19,68.9,72.5,64.5,26.0,59.5,좋은 종목 · 관심 진입,202.14584245380263,0.0021761118076677466,-0.005599414993679663,-0.013131396444026056
2025-09-22,68.9,72.5,64.5,26.0,59.5,좋은 종목 · 관심 진입,202.27999205293963,0.001613131211424479,-0.007290347507033945,-0.011977483964140334
2025-09-23,67.55,72.5,61.5,26.0,57.5,좋은 종목 · 관심 진입,202.39076100466733,0.0010609900404434658,-0.008896192635956202,-0.010598762857277677
2025-09-24,67.55,72.5,61.5,26.0,57.5,좋은 종목 · 관심 진입,202.47840750570984,0.0005212395746445608,-0.010412464805002353,-0.008999098259401483
2025-09-25,67.55,72.5,61.5,26.0,59.0,좋은 종목 · 관심 진입,202.54326366077615,-4.598107341213797e-06,-0.011834893632790666,-0.0071829088210496606
2025-09-26,67.55,72.5,61.5,26.0,59.0,좋은 종목 · 관심 진입,202.5857344084373,-0.0005150329084997463,-0.013159432570520435,-0.005155162626051979
2025-09-29,77.23,86.0,66.5,13.0,67.0,좋은 종목 · 관심 진입,202.6062962215669,-0.0010086095567801712,-0.014382267705188023,-0.0029213728466966904
2025-09-30,77.23,86.0,66.5,13.0,67.0,좋은 종목 · 관심 진입,202.60549558637103,-0.0014839105202277825,-0.015499826736113276,-0.00048759303384549035
2025-10-01,77.23,86.0,66.5,13.0,67.0,좋은 종목 · 관심 진입,202.5839472647128,-0.0019395590009683161,-0.016508788125210505,0.0021395880710013415
2025-10-02,81.93,88.0,74.5,13.0,71.5,좋은 종목 · 관심 진입,202.5423323451086,-0.002374222013276528,-0.01740609041293828,0.004953052325172624
2025-10-03,77.88,88.0,65.5,21.0,67.5,좋은 종목 · 관심 진입,202.48139608842436,-0.0027866135489542643,-0.018188941683034754,0.007945158708770661
2025-10-06,79.68,88.0,69.5,21.0,69.5,좋은 종목 · 관심 진입,202.401945574934,-0.003175497831078733,-0.01885482915001102,0.01110775072429715
2025-10-07,69.1,74.5,62.5,26.0,62.0,좋은 종목 · 저항 돌파 확인 대기,202.30484716001445,-0.003539692654881965,-0.01940152883405466,0.014432164820073368
2025-10-08,69.1,74.5,62.5,26.0,62.0,좋은 종목 · 저항 돌파 확인 대기,202.19102374634383,-0.0038780728120680896,-0.01982711527847869,0.01790923999099836
2025-10-09,68.0,72.5,62.5,26.0,59.0,좋은 종목 · 저항 돌파 확인 대기,202.0614518810345,-0.004189573592316975,-0.020129971255287038,0.021529328713944862
2025-10-14,62.5,62.5,62.5,24.0,52.0,관심 종목 · 타이밍 확인 대기,201.58875017847512,-0.004953135383591989,-0.02029080862407695,0.03314417593742669
2025-10-15,64.3,62.5,66.5,24.0,54.0,관심 종목 · 타이밍 확인 대기,201.40691223430892,-0.005147807535617388,-0.020093068335084174,0.03723058411223379
