horizon,trading_days,valid_count,avg_return,median_return,win_rate,loss_rate,std_return,best_return,worst_return
D+1,1,5459,0.0024868824930994217,0.0,0.48360505587103864,0.49551199853453015,0.050659427369744714,0.30000000000000004,-0.19867060561299854
D+2,2,5444,0.0064461771004353085,0.0012539189881856094,0.5053269654665687,0.4842027920646583,0.07185996165900475,0.687361419068736,-0.27703134996801027
D+3,3,5429,0.010975956044113475,0.003708281829418958,0.5168539325842697,0.4733836802357709,0.08656753138558768,0.7405764966740576,-0.3171974522292994
D+4,4,5413,0.015056225233835398,0.006808510638297793,0.5342693515610567,0.4570478477738777,0.10215747880843276,0.7334137515078407,-0.36815286624203825
D+5,5,5395,0.019542674495090222,0.007773851590106018,0.5375347544022243,0.45597775718257644,0.11598140530589006,0.8592706728299948,-0.42929936305732486
D+6,6,5385,0.02291338590199712,0.007822685788787531,0.5322191272051996,0.46295264623955434,0.12868547531371438,1.004712535344015,-0.42420382165605097
D+7,7,5374,0.0265892170176814,0.00904982007852051,0.5331224413844436,0.4614812058057313,0.13974984924603842,1.1550151975683889,-0.42547770700636944
D+8,8,5365,0.030583378947160393,0.01098901098901095,0.5414725069897484,0.4542404473438956,0.14987206401163328,1.1685082872928176,-0.4154195011337869
D+9,9,5355,0.033546695821274765,0.01333333333333342,0.5437908496732026,0.45210084033613446,0.15709801292905218,1.1691259931895575,-0.4285714285714286
D+10,10,5346,0.03724183685745239,0.013125052663115255,0.5409652076318743,0.4558548447437336,0.16498285986169095,1.1790193842645382,-0.42307692307692313
D+11,11,5336,0.04007561381167549,0.013711138518238464,0.5399175412293853,0.4555847076461769,0.17205479845445878,1.237704918032787,-0.4208616780045351
D+12,12,5328,0.04126033798952014,0.013509304490123664,0.5343468468468469,0.46265015015015015,0.18007510625312964,1.5311258278145696,-0.46114649681528663
D+13,13,5316,0.04381378523773058,0.014157925574797448,0.5348006019563581,0.4621896162528217,0.18845868600121266,1.3633333333333333,-0.44415243101182655
D+14,14,5306,0.04621959459087655,0.015012677453730361,0.5327930644553336,0.4647568790049001,0.19712998297138054,1.4282067645181877,-0.4853503184713376
D+15,15,5300,0.04876036189686936,0.014152143590686839,0.5313207547169811,0.4666037735849057,0.20763057069839633,1.5047862156987875,-0.4789808917197452
D+16,16,5288,0.049624951827955795,0.010347115733125078,0.522125567322239,0.4750378214826021,0.21844739325424076,1.558843308675185,-0.48280254777070064
D+17,17,5283,0.0495261153752323,0.007995431182181711,0.5152375544198372,0.48305886806738596,0.227140861742765,1.6395427034297243,-0.500891719745223
D+18,18,5274,0.05029779880321542,0.0069707097399722695,0.5138414865377323,0.4831247629882442,0.2361845582894082,1.6571229050279328,-0.5580693815987934
D+19,19,5260,0.051154590395442276,0.0048287026345241735,0.5131178707224334,0.4859315589353612,0.2458607588065416,1.7409217877094973,-0.543613707165109
D+20,20,5251,0.05174038954939867,0.003539823008849474,0.5056179775280899,0.4915254237288136,0.2544419411099431,1.8019145802650955,-0.601360544217687
D+21,21,5238,0.0525800642555374,0.0026637844862584803,0.504581901489118,0.4921725849560901,0.2611987054951639,1.890279823269514,-0.5975274725274725
D+22,22,5227,0.05367632279454014,0.0,0.49837382819973214,0.49913908551750524,0.269520481566624,1.9269230769230767,-0.568694798822375
D+23,23,5219,0.054175798186701075,-0.002263723825693287,0.4924315002874114,0.5041195631347002,0.2780884869709539,2.019230769230769,-0.5589563472152534
D+24,24,5213,0.05436705690287441,-0.003759398496240629,0.4912718204488778,0.5058507577210819,0.28653329216217294,2.0784313725490198,-0.5792522380200105
D+25,25,5206,0.05539282748847644,-0.004766590345714972,0.48905109489051096,0.5080676142912025,0.2952058757783351,2.4305882352941177,-0.5650869826034792
D+26,26,5198,0.05715292519019266,-0.0053015823941088835,0.4880723355136591,0.5098114659484417,0.3053372827704613,2.6,-0.5946902654867257
D+27,27,5192,0.057845250794785884,-0.006961493733040447,0.48382126348228044,0.5130970724191063,0.3153149506564525,2.7362637362637363,-0.6247787610619469
D+28,28,5187,0.05829947213819919,-0.009433962264150941,0.48043184885290147,0.5164835164835165,0.32404142126130553,2.883248730964467,-0.6430241621200312
D+29,29,5181,0.058267877806293715,-0.011111111111111072,0.47616290291449526,0.5215209419031075,0.3317269746533871,3.0369393139841687,-0.6695245518316446
D+30,30,5175,0.05810938255622278,-0.01388888888888884,0.4718840579710145,0.5256038647342995,0.3391894107648502,2.9947780678851177,-0.6602564102564102
D+31,31,5166,0.05749619137062963,-0.015180320313400164,0.4692218350754936,0.5292295780100658,0.34500086249789735,3.1295546558704457,-0.6569579288025891
D+32,32,5161,0.0569770808078835,-0.01603206412825653,0.4652199186204224,0.5322611896919202,0.35187946666661046,3.232365145228216,-0.6492969396195203
D+33,33,5153,0.0564356627659919,-0.018151815181518205,0.4638074907820687,0.5344459538133126,0.35565523483269923,3.026315789473684,-0.6166766646670666
D+34,34,5143,0.05599045915548344,-0.019316493313521588,0.4629593622399378,0.5345129301963835,0.3592125667402298,3.3509933774834435,-0.6044776119402986
D+35,35,5132,0.05613186958377031,-0.01782237439155182,0.460639127045986,0.5354637568199533,0.36941561364512604,3.6542669584245075,-0.6110091743119266
D+36,36,5112,0.056921929132851906,-0.017795322978162442,0.4616588419405321,0.536189358372457,0.37839390054004446,3.700460829493087,-0.6270888302550572
D+37,37,5096,0.056620546071947074,-0.018583124897224412,0.46212715855573,0.5351255886970173,0.38326936723620103,3.6644736842105265,-0.6174794173527549
D+38,38,5081,0.05628210781291584,-0.01794258373205737,0.4648691202519189,0.533556386538083,0.38785008079837313,3.3973509933774837,-0.6376724655068986
D+39,39,5069,0.05757107067202412,-0.016435541859270653,0.4651805089761294,0.5322548826198461,0.39428692222222456,3.920529801324503,-0.6640522875816993
D+40,40,5053,0.061386332279800476,-0.014729950900163713,0.46823669107460913,0.5280031664357807,0.4068089410271464,4.219631901840491,-0.7006535947712418
D+41,41,5038,0.06475485676546236,-0.01628064750244551,0.46883684001587933,0.5275903136165145,0.41889472871094485,4.212947189097104,-0.722875816993464
D+42,42,5026,0.06810819177851718,-0.014901648890731811,0.4729407083167529,0.5246717071229606,0.42827688519515567,3.9675324675324672,-0.7091906721536352
D+43,43,5008,0.07169901923174053,-0.014201680672268902,0.47464057507987223,0.5229632587859425,0.4360524501466093,3.850253807106599,-0.6647058823529413
D+44,44,4988,0.07387986916671968,-0.01156738385784628,0.4793504410585405,0.5182437850842021,0.4394518057024347,4.0495049504950495,-0.6568627450980392
D+45,45,4968,0.07593462131179203,-0.010815759596700891,0.47946859903381644,0.517512077294686,0.4469197091069357,4.248618784530387,-0.6399176954732511
D+46,46,4943,0.07842652386646956,-0.010563380281690127,0.48229819947400365,0.5156787376087396,0.45294320576139174,4.267034990791897,-0.6379084967320261
D+47,47,4912,0.08139911102150861,-0.009434172173642175,0.4855456026058632,0.5128257328990228,0.4539685635736621,4.285451197053407,-0.6392156862745098
D+48,48,4872,0.08480901151374028,-0.0062639415694160094,0.49137931034482757,0.506568144499179,0.4554077415997736,4.1749539594843466,-0.6466113416320884
D+49,49,4846,0.08813553956260159,-0.005777873141889878,0.4909203466776723,0.5074288072637226,0.46320007196573926,5.0497237569060776,-0.6411764705882352
D+50,50,4825,0.09088076642296766,-0.0017667844522968323,0.49637305699481865,0.5019689119170985,0.46963979985578597,4.994475138121547,-0.6419965576592083
D+51,51,4799,0.0933178897972668,0.0021834061135370675,0.5017712023338196,0.496145030214628,0.4757067951040367,5.123388581952118,-0.6610687022900763
D+52,52,4765,0.0972034281370863,0.0017064846416381396,0.5009443861490032,0.49653725078698846,0.48031844637825183,5.040515653775322,-0.6824427480916031
D+53,53,4737,0.10374161924205842,0.004166666666666652,0.504327633523327,0.4941946379565126,0.4886097249309314,5.114180478821363,-0.6819571865443426
D+54,54,4704,0.11035732661813588,0.008233985741925687,0.5112670068027211,0.4872448979591837,0.5007181805924792,5.841620626151013,-0.6904761904761905
D+55,55,4667,0.11728029401745944,0.013398294762484664,0.5153203342618384,0.4827512320548532,0.5113202621866376,5.795580110497237,-0.7049645390070922
D+56,56,4636,0.12410459194168393,0.014830575043876748,0.5213546160483176,0.47756686798964626,0.5190534785429124,5.445672191528545,-0.7123098201936376
D+57,57,4608,0.12982305449589568,0.018999679330306662,0.5238715277777778,0.4752604166666667,0.5228365325112293,4.926395939086294,-0.6791907514450868
D+58,58,4578,0.13648298812577717,0.023762469414643328,0.5288335517693316,0.4694189602446483,0.5306391959557993,5.16751269035533,-0.699421965317919
D+59,59,4543,0.14327126574030094,0.024116657319125157,0.5309267004182259,0.4670922298040942,0.5358466041933488,5.114180478821363,-0.6647398843930636
D+60,60,4511,0.1478570478502381,0.025495750708215192,0.5318111283529151,0.4659720682775438,0.5374062279485666,5.0497237569060776,-0.6799999999999999
