Ticker,Name,Target_Date,Actual_Date,Status,Score,Primary_Signal,Reasons,Warnings,Close,Uptrend_HH_HL,Pullback_Pct,Prior_Low_Held,Channel_Coverage,Channel_Position,Recent_Lower_Touch,Channel_Lower,Channel_Mid,Prior_High_Target,Channel_Upper,Stop_Price,Room_To_Mid_Pct,Room_To_Upper_Pct,Double_Bottom,Double_Bottom_Confirmed,MA_Clustered,MA_Spread_Pct,MA_Reclaimed,MA5_Held,Bottom_Volume_Surge,Reference_Date,Reference_Low_Held,Reference_High_Break,Reference_Volume_Ratio,Requested_Range_Start,Requested_Range_End,Forward_Entry_Close,Forward_Available_Bars,Forward_Complete_20D,D+1_Close_Return_Pct,D+1_Close,D+1_Date,D+2_Close_Return_Pct,D+2_Close,D+2_Date,D+3_Close_Return_Pct,D+3_Close,D+3_Date,D+4_Close_Return_Pct,D+4_Close,D+4_Date,D+5_Close_Return_Pct,D+5_Close,D+5_Date,D+6_Close_Return_Pct,D+6_Close,D+6_Date,D+7_Close_Return_Pct,D+7_Close,D+7_Date,D+8_Close_Return_Pct,D+8_Close,D+8_Date,D+9_Close_Return_Pct,D+9_Close,D+9_Date,D+10_Close_Return_Pct,D+10_Close,D+10_Date,D+11_Close_Return_Pct,D+11_Close,D+11_Date,D+12_Close_Return_Pct,D+12_Close,D+12_Date,D+13_Close_Return_Pct,D+13_Close,D+13_Date,D+14_Close_Return_Pct,D+14_Close,D+14_Date,D+15_Close_Return_Pct,D+15_Close,D+15_Date,D+16_Close_Return_Pct,D+16_Close,D+16_Date,D+17_Close_Return_Pct,D+17_Close,D+17_Date,D+18_Close_Return_Pct,D+18_Close,D+18_Date,D+19_Close_Return_Pct,D+19_Close,D+19_Date,D+20_Close_Return_Pct,D+20_Close,D+20_Date,Forward_Last_Date,Max_Close_Return_20D_Pct,Min_Close_Return_20D_Pct,MFE_20D_Pct,MAE_20D_Pct,Positive_D20,Hit_Mid_Before_Stop,Hit_PriorHigh_Before_Stop,Hit_Upper_Before_Stop,Stop_Hit,First_Event,Exit_Date
009150,삼성전기,2026-08-21,2026-08-21,WATCH,60,LOWER_CHANNEL_WATCH,중기 Higher High + Higher Low | 상승추세 안의 단기 조정 + 전저점 유지 | 상승 평행채널 유효(커버리지 91%) | 최근 추세 하단(싼 구간) 접촉 | 현재도 채널 하단권 | 추세 하단 부근 쌍바닥/Higher-Low 형태,,1316000.0,True,17.75,True,0.9091,0.1939,True,1240823.5294,1434647.0588,1600000.0,1628470.5882,1203598.8235,9.02,23.74,True,False,False,26.01,False,False,False,,False,False,,2026-08-01,2026-08-21,1316000.0,0,0,,,,,,,,,,,,,,,,,,,,,,,,,,,,,,,,,,,,,,,,,,,,,,,,,,,,,,,,,,,,,,,,,,,,,,,,
207940,삼성바이오로직스,2026-08-18,2026-08-18,WATCH,60,LOWER_CHANNEL_WATCH,중기 Higher High + Higher Low | 상승추세 안의 단기 조정 + 전저점 유지 | 상승 평행채널 유효(커버리지 100%) | 최근 추세 하단(싼 구간) 접촉 | 추세 하단 부근 쌍바닥/Higher-Low 형태 | 쌍바닥 넥라인 돌파 확인,,1531000.0,True,5.96,True,1.0,0.4734,True,1431191.4894,1536617.0213,1628000.0,1642042.5532,1388255.7447,0.37,7.25,True,True,False,9.73,False,False,False,,False,False,,2026-08-01,2026-08-21,1531000.0,3,0,0.849,1544000.0,2026-08-19,2.809,1574000.0,2026-08-20,1.306,1551000.0,2026-08-21,,,,,,,,,,,,,,,,,,,,,,,,,,,,,,,,,,,,,,,,,,,,,,,,,,,,2026-08-21,2.809,0.849,7.446,-2.939,,1.0,1.0,0.0,0.0,TIMEOUT,2026-08-21
207940,삼성바이오로직스,2026-08-19,2026-08-19,WATCH,60,LOWER_CHANNEL_WATCH,중기 Higher High + Higher Low | 상승추세 안의 단기 조정 + 전저점 유지 | 상승 평행채널 유효(커버리지 100%) | 최근 추세 하단(싼 구간) 접촉 | 추세 하단 부근 쌍바닥/Higher-Low 형태 | 쌍바닥 넥라인 돌파 확인,,1544000.0,True,5.16,True,1.0,0.5128,True,1435872.3404,1541297.8723,1628000.0,1646723.4043,1392796.1702,-0.18,6.65,True,True,False,8.65,False,False,False,,False,False,,2026-08-01,2026-08-21,1544000.0,2,0,1.943,1574000.0,2026-08-20,0.453,1551000.0,2026-08-21,,,,,,,,,,,,,,,,,,,,,,,,,,,,,,,,,,,,,,,,,,,,,,,,,,,,,,,2026-08-21,1.943,0.453,6.541,-0.907,,,1.0,0.0,0.0,TIMEOUT,2026-08-21
207940,삼성바이오로직스,2026-08-20,2026-08-20,WATCH,70,LOWER_CHANNEL_WATCH,중기 Higher High + Higher Low | 상승추세 안의 단기 조정 + 전저점 유지 | 상승 평행채널 유효(커버리지 100%) | 최근 추세 하단(싼 구간) 접촉 | 추세 하단 부근 쌍바닥/Higher-Low 형태 | 쌍바닥 넥라인 돌파 확인 | 이동평균선 재돌파 | 재상승 후 5일선 지지,,1574000.0,True,4.32,True,1.0,0.6329,True,1440553.1915,1545978.7234,1628000.0,1651404.2553,1397336.5957,-1.78,4.92,True,True,False,8.63,True,True,False,,False,False,,2026-08-01,2026-08-21,1574000.0,1,0,-1.461,1551000.0,2026-08-21,,,,,,,,,,,,,,,,,,,,,,,,,,,,,,,,,,,,,,,,,,,,,,,,,,,,,,,,,,2026-08-21,-1.461,-1.461,-0.635,-2.795,,,0.0,0.0,0.0,TIMEOUT,2026-08-21
207940,삼성바이오로직스,2026-08-21,2026-08-21,WATCH,70,LOWER_CHANNEL_WATCH,중기 Higher High + Higher Low | 상승추세 안의 단기 조정 + 전저점 유지 | 상승 평행채널 유효(커버리지 100%) | 최근 추세 하단(싼 구간) 접촉 | 추세 하단 부근 쌍바닥/Higher-Low 형태 | 쌍바닥 넥라인 돌파 확인 | 이동평균선 재돌파 | 재상승 후 5일선 지지,,1551000.0,True,5.71,True,1.0,0.5016,True,1445234.0426,1550659.5745,1628000.0,1656085.1064,1401877.0213,-0.02,6.78,True,True,False,8.46,True,True,False,,False,False,,2026-08-01,2026-08-21,1551000.0,0,0,,,,,,,,,,,,,,,,,,,,,,,,,,,,,,,,,,,,,,,,,,,,,,,,,,,,,,,,,,,,,,,,,,,,,,,,
034730,SK,2026-08-12,2026-08-12,WATCH,60,LOWER_CHANNEL_WATCH,중기 Higher High + Higher Low | 상승추세 안의 단기 조정 + 전저점 유지 | 상승 평행채널 유효(커버리지 96%) | 최근 추세 하단(싼 구간) 접촉 | 현재도 채널 하단권 | 추세 하단 부근 쌍바닥/Higher-Low 형태,,545000.0,True,19.02,True,0.9565,0.2713,True,494666.6667,587444.4444,673000.0,680222.2222,479826.6667,7.79,24.81,True,False,False,19.2,False,True,False,,False,False,,2026-08-01,2026-08-21,545000.0,6,0,1.468,553000.0,2026-08-13,7.339,585000.0,2026-08-14,8.257,590000.0,2026-08-18,1.101,551000.0,2026-08-19,4.22,568000.0,2026-08-20,7.523,586000.0,2026-08-21,,,,,,,,,,,,,,,,,,,,,,,,,,,,,,,,,,,,,,,,,,,2026-08-21,8.257,1.101,13.761,-1.835,,1.0,0.0,0.0,0.0,TIMEOUT,2026-08-21
034730,SK,2026-08-13,2026-08-13,WATCH,60,LOWER_CHANNEL_WATCH,중기 Higher High + Higher Low | 상승추세 안의 단기 조정 + 전저점 유지 | 상승 평행채널 유효(커버리지 96%) | 최근 추세 하단(싼 구간) 접촉 | 현재도 채널 하단권 | 추세 하단 부근 쌍바닥/Higher-Low 형태,,553000.0,True,17.83,True,0.9583,0.3114,True,495222.2222,588000.0,673000.0,680777.7778,480365.5556,6.33,23.11,True,False,False,17.4,False,True,False,,False,False,,2026-08-01,2026-08-21,553000.0,5,0,5.787,585000.0,2026-08-14,6.691,590000.0,2026-08-18,-0.362,551000.0,2026-08-19,2.712,568000.0,2026-08-20,5.967,586000.0,2026-08-21,,,,,,,,,,,,,,,,,,,,,,,,,,,,,,,,,,,,,,,,,,,,,,2026-08-21,6.691,-0.362,12.116,-3.255,,1.0,0.0,0.0,0.0,TIMEOUT,2026-08-21
055550,신한지주,2026-08-18,2026-08-18,WATCH,73,LOWER_CHANNEL_WATCH,중기 Higher High + Higher Low | 상승추세 안의 단기 조정 + 전저점 유지 | 상승 평행채널 유효(커버리지 98%) | 최근 추세 하단(싼 구간) 접촉 | 추세 하단 부근 쌍바닥/Higher-Low 형태 | 이동평균선 밀집 | 이동평균선 재돌파 | 재상승 후 5일선 지지,,106500.0,True,3.45,True,0.9804,0.7336,True,95847.7273,103107.9545,110300.0,110368.1818,100589.0,-3.19,3.63,True,False,True,3.74,True,True,False,,False,False,,2026-08-01,2026-08-21,106500.0,3,0,-1.408,105000.0,2026-08-19,-5.07,101100.0,2026-08-20,-2.254,104100.0,2026-08-21,,,,,,,,,,,,,,,,,,,,,,,,,,,,,,,,,,,,,,,,,,,,,,,,,,,,2026-08-21,-1.408,-5.07,-0.939,-5.164,,,0.0,0.0,0.0,TIMEOUT,2026-08-21
055550,신한지주,2026-08-19,2026-08-19,WATCH,63,LOWER_CHANNEL_WATCH,중기 Higher High + Higher Low | 상승추세 안의 단기 조정 + 전저점 유지 | 상승 평행채널 유효(커버리지 98%) | 최근 추세 하단(싼 구간) 접촉 | 추세 하단 부근 쌍바닥/Higher-Low 형태 | 이동평균선 밀집,,105000.0,True,4.81,True,0.9808,0.6295,True,95859.0909,103119.3182,110300.0,110379.5455,100589.0,-1.79,5.12,True,False,True,3.73,False,False,False,,False,False,,2026-08-01,2026-08-21,105000.0,2,0,-3.714,101100.0,2026-08-20,-0.857,104100.0,2026-08-21,,,,,,,,,,,,,,,,,,,,,,,,,,,,,,,,,,,,,,,,,,,,,,,,,,,,,,,2026-08-21,-0.857,-3.714,0.19,-3.81,,,0.0,0.0,0.0,TIMEOUT,2026-08-21
055550,신한지주,2026-08-20,2026-08-20,WATCH,63,LOWER_CHANNEL_WATCH,중기 Higher High + Higher Low | 상승추세 안의 단기 조정 + 전저점 유지 | 상승 평행채널 유효(커버리지 98%) | 최근 추세 하단(싼 구간) 접촉 | 추세 하단 부근 쌍바닥/Higher-Low 형태 | 이동평균선 밀집,,101100.0,True,8.34,True,0.9811,0.3602,True,95870.4545,103130.6818,110300.0,110390.9091,100589.0,2.01,9.19,True,False,True,3.29,False,False,False,,False,False,,2026-08-01,2026-08-21,101100.0,1,0,2.967,104100.0,2026-08-21,,,,,,,,,,,,,,,,,,,,,,,,,,,,,,,,,,,,,,,,,,,,,,,,,,,,,,,,,,2026-08-21,2.967,2.967,3.561,-0.099,,1.0,0.0,0.0,0.0,TIMEOUT,2026-08-21
055550,신한지주,2026-08-21,2026-08-21,WATCH,63,LOWER_CHANNEL_WATCH,중기 Higher High + Higher Low | 상승추세 안의 단기 조정 + 전저점 유지 | 상승 평행채널 유효(커버리지 98%) | 최근 추세 하단(싼 구간) 접촉 | 추세 하단 부근 쌍바닥/Higher-Low 형태 | 이동평균선 밀집,,104100.0,True,5.62,True,0.9815,0.566,True,95881.8182,103142.0455,110300.0,110402.2727,100589.0,-0.92,6.05,True,False,True,2.59,False,False,False,,False,False,,2026-08-01,2026-08-21,104100.0,0,0,,,,,,,,,,,,,,,,,,,,,,,,,,,,,,,,,,,,,,,,,,,,,,,,,,,,,,,,,,,,,,,,,,,,,,,,
015760,한국전력,2026-08-03,2026-08-03,WATCH,60,LOWER_CHANNEL_WATCH,중기 Higher High + Higher Low | 상승추세 안의 단기 조정 + 전저점 유지 | 상승 평행채널 유효(커버리지 100%) | 최근 추세 하단(싼 구간) 접촉 | 현재도 채널 하단권 | 추세 하단 부근 쌍바닥/Higher-Low 형태,,34500.0,True,12.66,True,1.0,0.1283,True,32810.0,39395.0,39500.0,45980.0,31825.7,14.19,33.28,True,False,False,10.76,False,True,False,,False,False,,2026-08-01,2026-08-21,34500.0,13,0,1.884,35150.0,2026-08-04,3.478,35700.0,2026-08-05,4.203,35950.0,2026-08-06,3.188,35600.0,2026-08-07,3.478,35700.0,2026-08-10,2.029,35200.0,2026-08-11,2.754,35450.0,2026-08-12,-4.058,33100.0,2026-08-13,-3.623,33250.0,2026-08-14,-5.507,32600.0,2026-08-18,-10.58,30850.0,2026-08-19,-7.826,31800.0,2026-08-20,-7.971,31750.0,2026-08-21,,,,,,,,,,,,,,,,,,,,,,2026-08-21,4.203,-10.58,5.797,-11.884,,0.0,0.0,0.0,1.0,STOP,2026-08-18
015760,한국전력,2026-08-04,2026-08-04,WATCH,60,LOWER_CHANNEL_WATCH,중기 Higher High + Higher Low | 상승추세 안의 단기 조정 + 전저점 유지 | 상승 평행채널 유효(커버리지 100%) | 최근 추세 하단(싼 구간) 접촉 | 현재도 채널 하단권 | 추세 하단 부근 쌍바닥/Higher-Low 형태,,35150.0,True,8.94,True,1.0,0.1708,True,32900.0,39485.0,39500.0,46070.0,31913.0,12.33,31.07,True,False,False,9.26,False,True,False,,False,False,,2026-08-01,2026-08-21,35150.0,12,0,1.565,35700.0,2026-08-05,2.276,35950.0,2026-08-06,1.28,35600.0,2026-08-07,1.565,35700.0,2026-08-10,0.142,35200.0,2026-08-11,0.853,35450.0,2026-08-12,-5.832,33100.0,2026-08-13,-5.405,33250.0,2026-08-14,-7.255,32600.0,2026-08-18,-12.233,30850.0,2026-08-19,-9.531,31800.0,2026-08-20,-9.673,31750.0,2026-08-21,,,,,,,,,,,,,,,,,,,,,,,,,2026-08-21,2.276,-12.233,3.841,-13.514,,0.0,0.0,0.0,1.0,STOP,2026-08-18
015760,한국전력,2026-08-05,2026-08-05,WATCH,60,LOWER_CHANNEL_WATCH,중기 Higher High + Higher Low | 상승추세 안의 단기 조정 + 전저점 유지 | 상승 평행채널 유효(커버리지 100%) | 최근 추세 하단(싼 구간) 접촉 | 현재도 채널 하단권 | 추세 하단 부근 쌍바닥/Higher-Low 형태,,35700.0,True,5.8,True,1.0,0.2058,True,32990.0,39575.0,39500.0,46160.0,32000.3,10.85,29.3,True,False,False,7.37,False,True,False,,False,False,,2026-08-01,2026-08-21,35700.0,11,0,0.7,35950.0,2026-08-06,-0.28,35600.0,2026-08-07,0.0,35700.0,2026-08-10,-1.401,35200.0,2026-08-11,-0.7,35450.0,2026-08-12,-7.283,33100.0,2026-08-13,-6.863,33250.0,2026-08-14,-8.683,32600.0,2026-08-18,-13.585,30850.0,2026-08-19,-10.924,31800.0,2026-08-20,-11.064,31750.0,2026-08-21,,,,,,,,,,,,,,,,,,,,,,,,,,,,2026-08-21,0.7,-13.585,1.401,-14.846,,0.0,0.0,0.0,1.0,STOP,2026-08-18
015760,한국전력,2026-08-06,2026-08-06,WATCH,60,LOWER_CHANNEL_WATCH,중기 Higher High + Higher Low | 상승추세 안의 단기 조정 + 전저점 유지 | 상승 평행채널 유효(커버리지 100%) | 최근 추세 하단(싼 구간) 접촉 | 현재도 채널 하단권 | 추세 하단 부근 쌍바닥/Higher-Low 형태,,35950.0,True,3.36,True,1.0,0.2179,True,33080.0,39665.0,39500.0,46250.0,32087.6,10.33,28.65,True,False,False,7.1,False,True,False,,False,False,,2026-08-01,2026-08-21,35950.0,10,0,-0.974,35600.0,2026-08-07,-0.695,35700.0,2026-08-10,-2.086,35200.0,2026-08-11,-1.391,35450.0,2026-08-12,-7.928,33100.0,2026-08-13,-7.51,33250.0,2026-08-14,-9.318,32600.0,2026-08-18,-14.186,30850.0,2026-08-19,-11.544,31800.0,2026-08-20,-11.683,31750.0,2026-08-21,,,,,,,,,,,,,,,,,,,,,,,,,,,,,,,2026-08-21,-0.695,-14.186,0.695,-15.438,,0.0,0.0,0.0,1.0,STOP,2026-08-18
015760,한국전력,2026-08-07,2026-08-07,WATCH,60,LOWER_CHANNEL_WATCH,중기 Higher High + Higher Low | 상승추세 안의 단기 조정 + 전저점 유지 | 상승 평행채널 유효(커버리지 100%) | 최근 추세 하단(싼 구간) 접촉 | 현재도 채널 하단권 | 추세 하단 부근 쌍바닥/Higher-Low 형태,,35600.0,True,4.3,True,1.0,0.1845,True,33170.0,39755.0,39500.0,46340.0,32174.9,11.67,30.17,True,False,False,6.84,False,True,False,,False,False,,2026-08-01,2026-08-21,35600.0,9,0,0.281,35700.0,2026-08-10,-1.124,35200.0,2026-08-11,-0.421,35450.0,2026-08-12,-7.022,33100.0,2026-08-13,-6.601,33250.0,2026-08-14,-8.427,32600.0,2026-08-18,-13.343,30850.0,2026-08-19,-10.674,31800.0,2026-08-20,-10.815,31750.0,2026-08-21,,,,,,,,,,,,,,,,,,,,,,,,,,,,,,,,,,2026-08-21,0.281,-13.343,1.685,-14.607,,0.0,0.0,0.0,1.0,STOP,2026-08-18
316140,우리금융지주,2026-08-18,2026-08-18,WATCH,70,LOWER_CHANNEL_WATCH,중기 Higher High + Higher Low | 상승추세 안의 단기 조정 + 전저점 유지 | 상승 평행채널 유효(커버리지 98%) | 최근 추세 하단(싼 구간) 접촉 | 추세 하단 부근 쌍바닥/Higher-Low 형태 | 쌍바닥 넥라인 돌파 확인 | 이동평균선 재돌파 | 재상승 후 5일선 지지,,33750.0,True,3.16,True,0.9828,0.6446,True,31136.2745,33163.7255,34850.0,35191.1765,31913.0,-1.74,4.27,True,True,False,6.74,True,True,False,,False,False,,2026-08-01,2026-08-21,33750.0,3,0,-0.741,33500.0,2026-08-19,-6.519,31550.0,2026-08-20,-5.926,31750.0,2026-08-21,,,,,,,,,,,,,,,,,,,,,,,,,,,,,,,,,,,,,,,,,,,,,,,,,,,,2026-08-21,-0.741,-6.519,0.0,-8.148,,,0.0,0.0,1.0,STOP,2026-08-20
316140,우리금융지주,2026-08-19,2026-08-19,CONFIRMED,76,LOWER_CHANNEL_CONFIRMED_REVERSAL,중기 Higher High + Higher Low | 상승추세 안의 단기 조정 + 전저점 유지 | 상승 평행채널 유효(커버리지 98%) | 최근 추세 하단(싼 구간) 접촉 | 추세 하단 부근 쌍바닥/Higher-Low 형태 | 쌍바닥 넥라인 돌파 확인 | 이동평균선 밀집 | 이동평균선 재돌파,,33500.0,True,3.87,True,0.9831,0.5689,True,31193.1373,33220.5882,34850.0,35248.0392,31913.0,-0.83,5.22,True,True,True,6.45,True,False,False,,False,False,,2026-08-01,2026-08-21,33500.0,2,0,-5.821,31550.0,2026-08-20,-5.224,31750.0,2026-08-21,,,,,,,,,,,,,,,,,,,,,,,,,,,,,,,,,,,,,,,,,,,,,,,,,,,,,,,2026-08-21,-5.224,-5.821,-0.448,-7.463,,,0.0,0.0,1.0,STOP,2026-08-20
017670,SK텔레콤,2026-08-21,2026-08-21,WATCH,63,LOWER_CHANNEL_WATCH,중기 Higher High + Higher Low | 상승추세 안의 단기 조정 + 전저점 유지 | 상승 평행채널 유효(커버리지 100%) | 최근 추세 하단(싼 구간) 접촉 | 추세 하단 부근 쌍바닥/Higher-Low 형태 | 이동평균선 재돌파,,102200.0,True,3.22,True,1.0,0.5624,True,84926.3158,100284.2105,104300.0,115642.1053,82378.5263,-1.87,13.15,True,False,False,8.68,True,False,False,,False,False,,2026-08-01,2026-08-21,102200.0,0,0,,,,,,,,,,,,,,,,,,,,,,,,,,,,,,,,,,,,,,,,,,,,,,,,,,,,,,,,,,,,,,,,,,,,,,,,
033780,KT&G,2026-08-03,2026-08-03,WATCH,68,LOWER_CHANNEL_WATCH,중기 Higher High + Higher Low | 상승추세 안의 단기 조정 + 전저점 유지 | 상승 평행채널 유효(커버리지 100%) | 최근 추세 하단(싼 구간) 접촉 | 현재도 채널 하단권 | 추세 하단 부근 쌍바닥/Higher-Low 형태 | 이동평균선 밀집,,175600.0,True,8.3,True,1.0,0.1226,True,171812.5,187262.5,191500.0,202712.5,166658.125,6.64,15.44,True,False,True,1.35,False,False,False,,False,False,,2026-08-01,2026-08-21,175600.0,13,0,0.0,175600.0,2026-08-04,0.228,176000.0,2026-08-05,4.043,182700.0,2026-08-06,7.517,188800.0,2026-08-07,5.752,185700.0,2026-08-10,2.449,179900.0,2026-08-11,1.025,177400.0,2026-08-12,-1.025,173800.0,2026-08-13,0.228,176000.0,2026-08-14,0.569,176600.0,2026-08-18,-0.057,175500.0,2026-08-19,-2.107,171900.0,2026-08-20,-1.879,172300.0,2026-08-21,,,,,,,,,,,,,,,,,,,,,,2026-08-21,7.517,-2.107,7.631,-3.474,,1.0,0.0,0.0,1.0,STOP,2026-08-21
033780,KT&G,2026-08-04,2026-08-04,WATCH,68,LOWER_CHANNEL_WATCH,중기 Higher High + Higher Low | 상승추세 안의 단기 조정 + 전저점 유지 | 상승 평행채널 유효(커버리지 100%) | 최근 추세 하단(싼 구간) 접촉 | 현재도 채널 하단권 | 추세 하단 부근 쌍바닥/Higher-Low 형태 | 이동평균선 밀집,,175600.0,True,8.3,True,1.0,0.1125,True,172125.0,187575.0,191500.0,203025.0,166961.25,6.82,15.62,True,False,True,0.57,False,False,False,,False,False,,2026-08-01,2026-08-21,175600.0,12,0,0.228,176000.0,2026-08-05,4.043,182700.0,2026-08-06,7.517,188800.0,2026-08-07,5.752,185700.0,2026-08-10,2.449,179900.0,2026-08-11,1.025,177400.0,2026-08-12,-1.025,173800.0,2026-08-13,0.228,176000.0,2026-08-14,0.569,176600.0,2026-08-18,-0.057,175500.0,2026-08-19,-2.107,171900.0,2026-08-20,-1.879,172300.0,2026-08-21,,,,,,,,,,,,,,,,,,,,,,,,,2026-08-21,7.517,-2.107,7.631,-3.474,,1.0,0.0,0.0,1.0,STOP,2026-08-21
033780,KT&G,2026-08-05,2026-08-05,WATCH,68,LOWER_CHANNEL_WATCH,중기 Higher High + Higher Low | 상승추세 안의 단기 조정 + 전저점 유지 | 상승 평행채널 유효(커버리지 100%) | 최근 추세 하단(싼 구간) 접촉 | 현재도 채널 하단권 | 추세 하단 부근 쌍바닥/Higher-Low 형태 | 이동평균선 밀집,,176000.0,True,8.09,True,1.0,0.1153,True,172437.5,187887.5,191500.0,203337.5,167264.375,6.75,15.53,True,False,True,0.38,False,False,False,,False,False,,2026-08-01,2026-08-21,176000.0,11,0,3.807,182700.0,2026-08-06,7.273,188800.0,2026-08-07,5.511,185700.0,2026-08-10,2.216,179900.0,2026-08-11,0.795,177400.0,2026-08-12,-1.25,173800.0,2026-08-13,0.0,176000.0,2026-08-14,0.341,176600.0,2026-08-18,-0.284,175500.0,2026-08-19,-2.33,171900.0,2026-08-20,-2.102,172300.0,2026-08-21,,,,,,,,,,,,,,,,,,,,,,,,,,,,2026-08-21,7.273,-2.33,7.386,-3.693,,1.0,0.0,0.0,1.0,STOP,2026-08-21
033780,KT&G,2026-08-06,2026-08-06,CONFIRMED,78,LOWER_CHANNEL_CONFIRMED_REVERSAL,중기 Higher High + Higher Low | 상승추세 안의 단기 조정 + 전저점 유지 | 상승 평행채널 유효(커버리지 100%) | 최근 추세 하단(싼 구간) 접촉 | 현재도 채널 하단권 | 추세 하단 부근 쌍바닥/Higher-Low 형태 | 이동평균선 밀집 | 이동평균선 재돌파 | 재상승 후 5일선 지지,,182700.0,True,4.6,True,1.0,0.322,True,172750.0,188200.0,191500.0,203650.0,167567.5,3.01,11.47,True,False,True,0.7,True,True,False,,False,False,,2026-08-01,2026-08-21,182700.0,10,0,3.339,188800.0,2026-08-07,1.642,185700.0,2026-08-10,-1.533,179900.0,2026-08-11,-2.901,177400.0,2026-08-12,-4.871,173800.0,2026-08-13,-3.667,176000.0,2026-08-14,-3.339,176600.0,2026-08-18,-3.941,175500.0,2026-08-19,-5.911,171900.0,2026-08-20,-5.692,172300.0,2026-08-21,,,,,,,,,,,,,,,,,,,,,,,,,,,,,,,2026-08-21,3.339,-5.911,3.448,-7.225,,1.0,0.0,0.0,1.0,STOP,2026-08-21
033780,KT&G,2026-08-07,2026-08-07,WATCH,66,LOWER_CHANNEL_WATCH,중기 Higher High + Higher Low | 상승 평행채널 유효(커버리지 100%) | 최근 추세 하단(싼 구간) 접촉 | 추세 하단 부근 쌍바닥/Higher-Low 형태 | 쌍바닥 넥라인 돌파 확인 | 이동평균선 밀집 | 이동평균선 재돌파,,188800.0,True,1.41,True,1.0,0.5093,True,173062.5,188512.5,191500.0,203962.5,167870.625,-0.15,8.03,True,True,True,0.44,True,False,False,,False,False,,2026-08-01,2026-08-21,188800.0,9,0,-1.642,185700.0,2026-08-10,-4.714,179900.0,2026-08-11,-6.038,177400.0,2026-08-12,-7.945,173800.0,2026-08-13,-6.78,176000.0,2026-08-14,-6.462,176600.0,2026-08-18,-7.044,175500.0,2026-08-19,-8.951,171900.0,2026-08-20,-8.739,172300.0,2026-08-21,,,,,,,,,,,,,,,,,,,,,,,,,,,,,,,,,,2026-08-21,-1.642,-8.951,0.0,-10.222,,,0.0,0.0,1.0,STOP,2026-08-21
033780,KT&G,2026-08-10,2026-08-10,WATCH,73,LOWER_CHANNEL_WATCH,중기 Higher High + Higher Low | 상승추세 안의 단기 조정 + 전저점 유지 | 상승 평행채널 유효(커버리지 100%) | 최근 추세 하단(싼 구간) 접촉 | 추세 하단 부근 쌍바닥/Higher-Low 형태 | 이동평균선 밀집 | 이동평균선 재돌파 | 재상승 후 5일선 지지,,185700.0,True,3.03,True,1.0,0.3989,True,173375.0,188825.0,191500.0,204275.0,168173.75,1.68,10.0,True,False,True,1.31,True,True,False,,False,False,,2026-08-01,2026-08-21,185700.0,8,0,-3.123,179900.0,2026-08-11,-4.47,177400.0,2026-08-12,-6.408,173800.0,2026-08-13,-5.223,176000.0,2026-08-14,-4.9,176600.0,2026-08-18,-5.493,175500.0,2026-08-19,-7.431,171900.0,2026-08-20,-7.216,172300.0,2026-08-21,,,,,,,,,,,,,,,,,,,,,,,,,,,,,,,,,,,,,2026-08-21,-3.123,-7.431,0.054,-8.724,,0.0,0.0,0.0,1.0,STOP,2026-08-21
033780,KT&G,2026-08-11,2026-08-11,WATCH,68,LOWER_CHANNEL_WATCH,중기 Higher High + Higher Low | 상승추세 안의 단기 조정 + 전저점 유지 | 상승 평행채널 유효(커버리지 100%) | 최근 추세 하단(싼 구간) 접촉 | 현재도 채널 하단권 | 추세 하단 부근 쌍바닥/Higher-Low 형태 | 이동평균선 밀집,,179900.0,True,6.06,True,1.0,0.2011,True,173687.5,189137.5,191500.0,204587.5,168476.875,5.13,13.72,True,False,True,1.92,False,True,False,,False,False,,2026-08-01,2026-08-21,179900.0,7,0,-1.39,177400.0,2026-08-12,-3.391,173800.0,2026-08-13,-2.168,176000.0,2026-08-14,-1.834,176600.0,2026-08-18,-2.446,175500.0,2026-08-19,-4.447,171900.0,2026-08-20,-4.225,172300.0,2026-08-21,,,,,,,,,,,,,,,,,,,,,,,,,,,,,,,,,,,,,,,,2026-08-21,-1.39,-4.447,2.168,-5.781,,0.0,0.0,0.0,1.0,STOP,2026-08-21
138040,메리츠금융지주,2026-08-03,2026-08-03,WATCH,60,LOWER_CHANNEL_WATCH,중기 Higher High + Higher Low | 상승추세 안의 단기 조정 + 전저점 유지 | 상승 평행채널 유효(커버리지 92%) | 최근 추세 하단(싼 구간) 접촉 | 추세 하단 부근 쌍바닥/Higher-Low 형태 | 쌍바닥 넥라인 돌파 확인,,120300.0,True,6.02,True,0.92,0.3547,True,115018.1818,122463.6364,128000.0,129909.0909,111567.6364,1.8,7.99,True,True,False,8.37,False,True,False,,False,False,,2026-08-01,2026-08-21,120300.0,13,0,-0.665,119500.0,2026-08-04,0.083,120400.0,2026-08-05,4.489,125700.0,2026-08-06,4.988,126300.0,2026-08-07,2.66,123500.0,2026-08-10,2.909,123800.0,2026-08-11,-1.081,119000.0,2026-08-12,-1.413,118600.0,2026-08-13,-2.993,116700.0,2026-08-14,-2.577,117200.0,2026-08-18,-4.239,115200.0,2026-08-19,-4.239,115200.0,2026-08-20,-4.073,115400.0,2026-08-21,,,,,,,,,,,,,,,,,,,,,,2026-08-21,4.988,-4.239,5.403,-5.902,,1.0,0.0,0.0,1.0,STOP,2026-08-14
138040,메리츠금융지주,2026-08-04,2026-08-04,WATCH,65,LOWER_CHANNEL_WATCH,중기 Higher High + Higher Low | 상승추세 안의 단기 조정 + 전저점 유지 | 상승 평행채널 유효(커버리지 92%) | 최근 추세 하단(싼 구간) 접촉 | 현재도 채널 하단권 | 추세 하단 부근 쌍바닥/Higher-Low 형태 | 쌍바닥 넥라인 돌파 확인,,119500.0,True,6.64,True,0.9216,0.2753,True,115400.0,122845.4545,128000.0,130290.9091,111938.0,2.8,9.03,True,True,False,8.57,False,False,False,,False,False,,2026-08-01,2026-08-21,119500.0,12,0,0.753,120400.0,2026-08-05,5.188,125700.0,2026-08-06,5.69,126300.0,2026-08-07,3.347,123500.0,2026-08-10,3.598,123800.0,2026-08-11,-0.418,119000.0,2026-08-12,-0.753,118600.0,2026-08-13,-2.343,116700.0,2026-08-14,-1.925,117200.0,2026-08-18,-3.598,115200.0,2026-08-19,-3.598,115200.0,2026-08-20,-3.431,115400.0,2026-08-21,,,,,,,,,,,,,,,,,,,,,,,,,2026-08-21,5.69,-3.598,6.109,-5.272,,1.0,0.0,0.0,1.0,STOP,2026-08-14
138040,메리츠금융지주,2026-08-05,2026-08-05,WATCH,65,LOWER_CHANNEL_WATCH,중기 Higher High + Higher Low | 상승추세 안의 단기 조정 + 전저점 유지 | 상승 평행채널 유효(커버리지 92%) | 최근 추세 하단(싼 구간) 접촉 | 현재도 채널 하단권 | 추세 하단 부근 쌍바닥/Higher-Low 형태 | 쌍바닥 넥라인 돌파 확인,,120400.0,True,5.94,True,0.9231,0.3101,True,115781.8182,123227.2727,128000.0,130672.7273,112308.3636,2.35,8.53,True,True,False,8.86,False,True,False,,False,False,,2026-08-01,2026-08-21,120400.0,11,0,4.402,125700.0,2026-08-06,4.9,126300.0,2026-08-07,2.575,123500.0,2026-08-10,2.824,123800.0,2026-08-11,-1.163,119000.0,2026-08-12,-1.495,118600.0,2026-08-13,-3.073,116700.0,2026-08-14,-2.658,117200.0,2026-08-18,-4.319,115200.0,2026-08-19,-4.319,115200.0,2026-08-20,-4.153,115400.0,2026-08-21,,,,,,,,,,,,,,,,,,,,,,,,,,,,2026-08-21,4.9,-4.319,5.316,-5.98,,1.0,0.0,0.0,1.0,STOP,2026-08-14
138040,메리츠금융지주,2026-08-06,2026-08-06,WATCH,60,LOWER_CHANNEL_WATCH,중기 Higher High + Higher Low | 상승 평행채널 유효(커버리지 92%) | 최근 추세 하단(싼 구간) 접촉 | 추세 하단 부근 쌍바닥/Higher-Low 형태 | 쌍바닥 넥라인 돌파 확인 | 이동평균선 재돌파 | 재상승 후 5일선 지지,,125700.0,True,1.8,True,0.9245,0.6404,True,116163.6364,123609.0909,128000.0,131054.5455,112678.7273,-1.66,4.26,True,True,False,8.56,True,True,False,,False,False,,2026-08-01,2026-08-21,125700.0,10,0,0.477,126300.0,2026-08-07,-1.75,123500.0,2026-08-10,-1.512,123800.0,2026-08-11,-5.33,119000.0,2026-08-12,-5.648,118600.0,2026-08-13,-7.16,116700.0,2026-08-14,-6.762,117200.0,2026-08-18,-8.353,115200.0,2026-08-19,-8.353,115200.0,2026-08-20,-8.194,115400.0,2026-08-21,,,,,,,,,,,,,,,,,,,,,,,,,,,,,,,2026-08-21,0.477,-8.353,0.875,-9.944,,,0.0,0.0,1.0,STOP,2026-08-14
138040,메리츠금융지주,2026-08-10,2026-08-10,WATCH,65,LOWER_CHANNEL_WATCH,중기 Higher High + Higher Low | 상승추세 안의 단기 조정 + 전저점 유지 | 상승 평행채널 유효(커버리지 93%) | 최근 추세 하단(싼 구간) 접촉 | 추세 하단 부근 쌍바닥/Higher-Low 형태 | 이동평균선 재돌파 | 재상승 후 5일선 지지,,123500.0,True,3.52,True,0.9273,0.4414,True,116927.2727,124372.7273,128000.0,131818.1818,113419.4545,0.71,6.74,True,False,False,9.12,True,True,False,,False,False,,2026-08-01,2026-08-21,123500.0,8,0,0.243,123800.0,2026-08-11,-3.644,119000.0,2026-08-12,-3.968,118600.0,2026-08-13,-5.506,116700.0,2026-08-14,-5.101,117200.0,2026-08-18,-6.721,115200.0,2026-08-19,-6.721,115200.0,2026-08-20,-6.559,115400.0,2026-08-21,,,,,,,,,,,,,,,,,,,,,,,,,,,,,,,,,,,,,2026-08-21,0.243,-6.721,2.672,-8.34,,1.0,0.0,0.0,1.0,STOP,2026-08-14
138040,메리츠금융지주,2026-08-12,2026-08-12,WATCH,60,LOWER_CHANNEL_WATCH,중기 Higher High + Higher Low | 상승추세 안의 단기 조정 + 전저점 유지 | 상승 평행채널 유효(커버리지 93%) | 최근 추세 하단(싼 구간) 접촉 | 현재도 채널 하단권 | 추세 하단 부근 쌍바닥/Higher-Low 형태,,119000.0,True,7.03,True,0.9298,0.0879,True,117690.9091,125136.3636,128000.0,132581.8182,114160.1818,5.16,11.41,True,False,False,9.58,False,False,False,,False,False,,2026-08-01,2026-08-21,119000.0,6,0,-0.336,118600.0,2026-08-13,-1.933,116700.0,2026-08-14,-1.513,117200.0,2026-08-18,-3.193,115200.0,2026-08-19,-3.193,115200.0,2026-08-20,-3.025,115400.0,2026-08-21,,,,,,,,,,,,,,,,,,,,,,,,,,,,,,,,,,,,,,,,,,,2026-08-21,-0.336,-3.193,4.454,-4.874,,0.0,0.0,0.0,1.0,STOP,2026-08-14
138040,메리츠금융지주,2026-08-13,2026-08-13,WATCH,60,LOWER_CHANNEL_WATCH,중기 Higher High + Higher Low | 상승추세 안의 단기 조정 + 전저점 유지 | 상승 평행채널 유효(커버리지 93%) | 최근 추세 하단(싼 구간) 접촉 | 현재도 채널 하단권 | 추세 하단 부근 쌍바닥/Higher-Low 형태,,118600.0,True,7.34,True,0.931,0.0354,True,118072.7273,125518.1818,128000.0,132963.6364,114530.5455,5.83,12.11,True,False,False,8.24,False,False,False,,False,False,,2026-08-01,2026-08-21,118600.0,5,0,-1.602,116700.0,2026-08-14,-1.18,117200.0,2026-08-18,-2.867,115200.0,2026-08-19,-2.867,115200.0,2026-08-20,-2.698,115400.0,2026-08-21,,,,,,,,,,,,,,,,,,,,,,,,,,,,,,,,,,,,,,,,,,,,,,2026-08-21,-1.18,-2.867,-0.169,-4.553,,0.0,0.0,0.0,1.0,STOP,2026-08-14
096770,SK이노베이션,2026-08-03,2026-08-03,CONFIRMED,92,LOWER_CHANNEL_CONFIRMED_REVERSAL,중기 Higher High + Higher Low | 상승추세 안의 단기 조정 + 전저점 유지 | 상승 평행채널 유효(커버리지 100%) | 최근 추세 하단(싼 구간) 접촉 | 현재도 채널 하단권 | 추세 하단 부근 쌍바닥/Higher-Low 형태 | 쌍바닥 넥라인 돌파 확인 | 이동평균선 밀집 | 추세 바닥권 거래량 급증 양봉 | 거래량 기준봉 저가 지지 | 거래량 기준봉 고가 돌파,,108000.0,True,20.47,True,1.0,0.0805,True,105200.0,122600.0,135800.0,140000.0,102044.0,13.52,29.63,True,True,True,0.66,False,False,True,2026-07-07,True,True,2.02,2026-08-01,2026-08-21,108000.0,13,0,3.056,111300.0,2026-08-04,1.111,109200.0,2026-08-05,0.556,108600.0,2026-08-06,11.389,120300.0,2026-08-07,15.278,124500.0,2026-08-10,14.907,124100.0,2026-08-11,13.333,122400.0,2026-08-12,12.685,121700.0,2026-08-13,19.167,128700.0,2026-08-14,21.759,131500.0,2026-08-18,19.352,128900.0,2026-08-19,16.574,125900.0,2026-08-20,15.556,124800.0,2026-08-21,,,,,,,,,,,,,,,,,,,,,,2026-08-21,21.759,0.556,23.981,-1.296,,1.0,0.0,0.0,0.0,TIMEOUT,2026-08-21
096770,SK이노베이션,2026-08-04,2026-08-04,CONFIRMED,92,LOWER_CHANNEL_CONFIRMED_REVERSAL,중기 Higher High + Higher Low | 상승추세 안의 단기 조정 + 전저점 유지 | 상승 평행채널 유효(커버리지 100%) | 최근 추세 하단(싼 구간) 접촉 | 현재도 채널 하단권 | 추세 하단 부근 쌍바닥/Higher-Low 형태 | 쌍바닥 넥라인 돌파 확인 | 이동평균선 밀집 | 추세 바닥권 거래량 급증 양봉 | 거래량 기준봉 저가 지지 | 거래량 기준봉 고가 돌파,,111300.0,True,18.04,True,1.0,0.1552,True,105900.0,123300.0,135800.0,140700.0,102723.0,10.78,26.42,True,True,True,1.55,False,False,True,2026-07-07,True,True,2.02,2026-08-01,2026-08-21,111300.0,12,0,-1.887,109200.0,2026-08-05,-2.426,108600.0,2026-08-06,8.086,120300.0,2026-08-07,11.86,124500.0,2026-08-10,11.5,124100.0,2026-08-11,9.973,122400.0,2026-08-12,9.344,121700.0,2026-08-13,15.633,128700.0,2026-08-14,18.149,131500.0,2026-08-18,15.813,128900.0,2026-08-19,13.118,125900.0,2026-08-20,12.129,124800.0,2026-08-21,,,,,,,,,,,,,,,,,,,,,,,,,2026-08-21,18.149,-2.426,20.305,-4.043,,1.0,0.0,0.0,0.0,TIMEOUT,2026-08-21
096770,SK이노베이션,2026-08-21,2026-08-21,WATCH,60,LOWER_CHANNEL_WATCH,중기 Higher High + Higher Low | 상승추세 안의 단기 조정 + 전저점 유지 | 상승 평행채널 유효(커버리지 98%) | 최근 추세 하단(싼 구간) 접촉 | 추세 하단 부근 쌍바닥/Higher-Low 형태 | 쌍바닥 넥라인 돌파 확인,,124800.0,True,8.1,True,0.9792,0.5959,True,105993.4783,121773.913,133900.0,137554.3478,102813.6739,-2.42,10.22,True,True,False,13.58,False,False,False,,False,False,,2026-08-01,2026-08-21,124800.0,0,0,,,,,,,,,,,,,,,,,,,,,,,,,,,,,,,,,,,,,,,,,,,,,,,,,,,,,,,,,,,,,,,,,,,,,,,,
035720,카카오,2026-08-05,2026-08-05,WATCH,58,LOWER_CHANNEL_WATCH,중기 Higher High + Higher Low | 상승추세 안의 단기 조정 + 전저점 유지 | 상승 평행채널 유효(커버리지 100%) | 최근 추세 하단(싼 구간) 접촉 | 이동평균선 밀집,,38150.0,True,3.05,True,1.0,0.9444,True,35080.5556,36705.5556,37900.0,38330.5556,34028.1389,-3.79,0.47,False,False,True,6.19,False,True,False,,False,False,,2026-08-01,2026-08-21,38150.0,11,0,0.393,38300.0,2026-08-06,4.587,39900.0,2026-08-07,3.67,39550.0,2026-08-10,6.684,40700.0,2026-08-11,3.67,39550.0,2026-08-12,5.111,40100.0,2026-08-13,4.849,40000.0,2026-08-14,0.262,38250.0,2026-08-18,-1.966,37400.0,2026-08-19,1.442,38700.0,2026-08-20,-6.16,35800.0,2026-08-21,,,,,,,,,,,,,,,,,,,,,,,,,,,,2026-08-21,6.684,-6.16,8.65,-11.927,,,,1.0,0.0,UPPER,2026-08-07
035720,카카오,2026-08-07,2026-08-07,WATCH,58,LOWER_CHANNEL_WATCH,중기 Higher High + Higher Low | 상승 평행채널 유효(커버리지 96%) | 최근 추세 하단(싼 구간) 접촉 | 이동평균선 밀집 | 이동평균선 재돌파 | 재상승 후 5일선 지지,,39900.0,True,1.72,True,0.9615,1.4299,True,35252.7778,36877.7778,37900.0,38502.7778,34195.1944,-7.57,-3.5,False,False,True,4.87,True,True,False,,False,False,,2026-08-01,2026-08-21,39900.0,9,0,-0.877,39550.0,2026-08-10,2.005,40700.0,2026-08-11,-0.877,39550.0,2026-08-12,0.501,40100.0,2026-08-13,0.251,40000.0,2026-08-14,-4.135,38250.0,2026-08-18,-6.266,37400.0,2026-08-19,-3.008,38700.0,2026-08-20,-10.276,35800.0,2026-08-21,,,,,,,,,,,,,,,,,,,,,,,,,,,,,,,,,,2026-08-21,2.005,-10.276,3.885,-15.789,,,,,1.0,STOP,2026-08-21
035720,카카오,2026-08-10,2026-08-10,WATCH,58,LOWER_CHANNEL_WATCH,중기 Higher High + Higher Low | 상승 평행채널 유효(커버리지 93%) | 최근 추세 하단(싼 구간) 접촉 | 이동평균선 밀집 | 이동평균선 재돌파 | 재상승 후 5일선 지지,,39550.0,True,2.59,True,0.9259,1.2957,True,35338.8889,36963.8889,37900.0,38588.8889,34278.7222,-6.54,-2.43,False,False,True,5.57,True,True,False,,False,False,,2026-08-01,2026-08-21,39550.0,8,0,2.908,40700.0,2026-08-11,0.0,39550.0,2026-08-12,1.391,40100.0,2026-08-13,1.138,40000.0,2026-08-14,-3.287,38250.0,2026-08-18,-5.436,37400.0,2026-08-19,-2.149,38700.0,2026-08-20,-9.482,35800.0,2026-08-21,,,,,,,,,,,,,,,,,,,,,,,,,,,,,,,,,,,,,2026-08-21,2.908,-9.482,4.804,-15.044,,,,,1.0,STOP,2026-08-21
035720,카카오,2026-08-11,2026-08-11,WATCH,58,LOWER_CHANNEL_WATCH,중기 Higher High + Higher Low | 상승 평행채널 유효(커버리지 89%) | 최근 추세 하단(싼 구간) 접촉 | 이동평균선 밀집 | 이동평균선 재돌파 | 재상승 후 5일선 지지,,40700.0,True,0.73,True,0.8929,1.6231,True,35425.0,37050.0,37900.0,38675.0,34362.25,-8.97,-4.98,False,False,True,6.06,True,True,False,,False,False,,2026-08-01,2026-08-21,40700.0,7,0,-2.826,39550.0,2026-08-12,-1.474,40100.0,2026-08-13,-1.72,40000.0,2026-08-14,-6.02,38250.0,2026-08-18,-8.108,37400.0,2026-08-19,-4.914,38700.0,2026-08-20,-12.039,35800.0,2026-08-21,,,,,,,,,,,,,,,,,,,,,,,,,,,,,,,,,,,,,,,,2026-08-21,-1.474,-12.039,1.843,-17.445,,,,,1.0,STOP,2026-08-21
035720,카카오,2026-08-12,2026-08-12,WATCH,58,LOWER_CHANNEL_WATCH,중기 Higher High + Higher Low | 상승추세 안의 단기 조정 + 전저점 유지 | 상승 평행채널 유효(커버리지 86%) | 최근 추세 하단(싼 구간) 접촉 | 이동평균선 밀집,,39550.0,True,4.58,True,0.8621,1.2427,True,35511.1111,37136.1111,37900.0,38761.1111,34445.7778,-6.1,-1.99,False,False,True,6.22,False,True,False,,False,False,,2026-08-01,2026-08-21,39550.0,6,0,1.391,40100.0,2026-08-13,1.138,40000.0,2026-08-14,-3.287,38250.0,2026-08-18,-5.436,37400.0,2026-08-19,-2.149,38700.0,2026-08-20,-9.482,35800.0,2026-08-21,,,,,,,,,,,,,,,,,,,,,,,,,,,,,,,,,,,,,,,,,,,2026-08-21,1.391,-9.482,4.678,-15.044,,,,,1.0,STOP,2026-08-21
035720,카카오,2026-08-13,2026-08-13,WATCH,68,LOWER_CHANNEL_WATCH,중기 Higher High + Higher Low | 상승추세 안의 단기 조정 + 전저점 유지 | 상승 평행채널 유효(커버리지 83%) | 최근 추세 하단(싼 구간) 접촉 | 이동평균선 밀집 | 이동평균선 재돌파 | 재상승 후 5일선 지지,,40100.0,True,3.26,True,0.8333,1.3855,True,35597.2222,37222.2222,37900.0,38847.2222,34529.3056,-7.18,-3.12,False,False,True,6.38,True,True,False,,False,False,,2026-08-01,2026-08-21,40100.0,5,0,-0.249,40000.0,2026-08-14,-4.613,38250.0,2026-08-18,-6.733,37400.0,2026-08-19,-3.491,38700.0,2026-08-20,-10.723,35800.0,2026-08-21,,,,,,,,,,,,,,,,,,,,,,,,,,,,,,,,,,,,,,,,,,,,,,2026-08-21,-0.249,-10.723,3.242,-16.209,,,,,1.0,STOP,2026-08-21
035720,카카오,2026-08-14,2026-08-14,WATCH,68,LOWER_CHANNEL_WATCH,중기 Higher High + Higher Low | 상승추세 안의 단기 조정 + 전저점 유지 | 상승 평행채널 유효(커버리지 81%) | 최근 추세 하단(싼 구간) 접촉 | 이동평균선 밀집 | 이동평균선 재돌파 | 재상승 후 5일선 지지,,40000.0,True,3.5,True,0.8065,1.3282,True,35683.3333,37308.3333,37900.0,38933.3333,34612.8333,-6.73,-2.67,False,False,True,5.94,True,True,False,,False,False,,2026-08-01,2026-08-21,40000.0,4,0,-4.375,38250.0,2026-08-18,-6.5,37400.0,2026-08-19,-3.25,38700.0,2026-08-20,-10.5,35800.0,2026-08-21,,,,,,,,,,,,,,,,,,,,,,,,,,,,,,,,,,,,,,,,,,,,,,,,,2026-08-21,-3.25,-10.5,-0.375,-16.0,,,,,1.0,STOP,2026-08-21
035720,카카오,2026-08-18,2026-08-18,WATCH,63,LOWER_CHANNEL_WATCH,중기 Higher High + Higher Low | 상승추세 안의 단기 조정 + 전저점 유지 | 상승 평행채널 유효(커버리지 100%) | 최근 추세 하단(싼 구간) 접촉 | 현재도 채널 하단권 | 이동평균선 밀집,,38250.0,True,7.72,True,1.0,0.2475,True,37017.8571,39507.1429,41450.0,41996.4286,35907.3214,3.29,9.79,False,False,True,5.2,False,False,False,,False,False,,2026-08-01,2026-08-21,38250.0,3,0,-2.222,37400.0,2026-08-19,1.176,38700.0,2026-08-20,-6.405,35800.0,2026-08-21,,,,,,,,,,,,,,,,,,,,,,,,,,,,,,,,,,,,,,,,,,,,,,,,,,,,2026-08-21,1.176,-6.405,3.007,-12.157,,0.0,0.0,0.0,1.0,STOP,2026-08-21
035720,카카오,2026-08-19,2026-08-19,WATCH,63,LOWER_CHANNEL_WATCH,중기 Higher High + Higher Low | 상승추세 안의 단기 조정 + 전저점 유지 | 상승 평행채널 유효(커버리지 100%) | 최근 추세 하단(싼 구간) 접촉 | 현재도 채널 하단권 | 이동평균선 밀집,,37400.0,True,9.77,True,1.0,0.0402,True,37200.0,39689.2857,41450.0,42178.5714,36084.0,6.12,12.78,False,False,True,3.75,False,False,False,,False,False,,2026-08-01,2026-08-21,37400.0,2,0,3.476,38700.0,2026-08-20,-4.278,35800.0,2026-08-21,,,,,,,,,,,,,,,,,,,,,,,,,,,,,,,,,,,,,,,,,,,,,,,,,,,,,,,2026-08-21,3.476,-4.278,5.348,-10.16,,0.0,0.0,0.0,1.0,STOP,2026-08-21
035720,카카오,2026-08-20,2026-08-20,WATCH,63,LOWER_CHANNEL_WATCH,중기 Higher High + Higher Low | 상승추세 안의 단기 조정 + 전저점 유지 | 상승 평행채널 유효(커버리지 100%) | 최근 추세 하단(싼 구간) 접촉 | 현재도 채널 하단권 | 이동평균선 밀집,,38700.0,True,6.63,True,1.0,0.2647,True,37382.1429,39871.4286,41450.0,42360.7143,36260.6786,3.03,9.46,False,False,True,3.32,False,False,False,,False,False,,2026-08-01,2026-08-21,38700.0,1,0,-7.494,35800.0,2026-08-21,,,,,,,,,,,,,,,,,,,,,,,,,,,,,,,,,,,,,,,,,,,,,,,,,,,,,,,,,,2026-08-21,-7.494,-7.494,0.129,-13.178,,0.0,0.0,0.0,1.0,STOP,2026-08-21
086280,현대글로비스,2026-08-03,2026-08-03,WATCH,60,LOWER_CHANNEL_WATCH,중기 Higher High + Higher Low | 상승추세 안의 단기 조정 + 전저점 유지 | 상승 평행채널 유효(커버리지 95%) | 최근 추세 하단(싼 구간) 접촉 | 현재도 채널 하단권 | 추세 하단 부근 쌍바닥/Higher-Low 형태,,199900.0,True,7.02,True,0.9531,0.2476,True,179978.9474,220200.0,215000.0,260421.0526,177413.0,10.16,30.28,True,False,False,8.25,False,True,False,,False,False,,2026-08-01,2026-08-21,199900.0,13,0,0.05,200000.0,2026-08-04,2.801,205500.0,2026-08-05,3.802,207500.0,2026-08-06,3.802,207500.0,2026-08-07,1.551,203000.0,2026-08-10,0.8,201500.0,2026-08-11,-0.1,199700.0,2026-08-12,2.301,204500.0,2026-08-13,5.553,211000.0,2026-08-14,3.302,206500.0,2026-08-18,1.801,203500.0,2026-08-19,-0.05,199800.0,2026-08-20,-1.601,196700.0,2026-08-21,,,,,,,,,,,,,,,,,,,,,,2026-08-21,5.553,-1.601,6.553,-2.951,,0.0,0.0,0.0,0.0,TIMEOUT,2026-08-21
086280,현대글로비스,2026-08-04,2026-08-04,WATCH,60,LOWER_CHANNEL_WATCH,중기 Higher High + Higher Low | 상승추세 안의 단기 조정 + 전저점 유지 | 상승 평행채널 유효(커버리지 95%) | 최근 추세 하단(싼 구간) 접촉 | 현재도 채널 하단권 | 추세 하단 부근 쌍바닥/Higher-Low 형태,,200000.0,True,6.98,True,0.9538,0.2459,True,180215.7895,220436.8421,215000.0,260657.8947,177413.0,10.22,30.33,True,False,False,7.91,False,True,False,,False,False,,2026-08-01,2026-08-21,200000.0,12,0,2.75,205500.0,2026-08-05,3.75,207500.0,2026-08-06,3.75,207500.0,2026-08-07,1.5,203000.0,2026-08-10,0.75,201500.0,2026-08-11,-0.15,199700.0,2026-08-12,2.25,204500.0,2026-08-13,5.5,211000.0,2026-08-14,3.25,206500.0,2026-08-18,1.75,203500.0,2026-08-19,-0.1,199800.0,2026-08-20,-1.65,196700.0,2026-08-21,,,,,,,,,,,,,,,,,,,,,,,,,2026-08-21,5.5,-1.65,6.5,-3.0,,0.0,0.0,0.0,0.0,TIMEOUT,2026-08-21
086280,현대글로비스,2026-08-05,2026-08-05,WATCH,60,LOWER_CHANNEL_WATCH,중기 Higher High + Higher Low | 상승추세 안의 단기 조정 + 전저점 유지 | 상승 평행채널 유효(커버리지 95%) | 최근 추세 하단(싼 구간) 접촉 | 현재도 채널 하단권 | 추세 하단 부근 쌍바닥/Higher-Low 형태,,205500.0,True,4.42,True,0.9545,0.3114,True,180452.6316,220673.6842,215000.0,260894.7368,177413.0,7.38,26.96,True,False,False,7.1,False,True,False,,False,False,,2026-08-01,2026-08-21,205500.0,11,0,0.973,207500.0,2026-08-06,0.973,207500.0,2026-08-07,-1.217,203000.0,2026-08-10,-1.946,201500.0,2026-08-11,-2.822,199700.0,2026-08-12,-0.487,204500.0,2026-08-13,2.676,211000.0,2026-08-14,0.487,206500.0,2026-08-18,-0.973,203500.0,2026-08-19,-2.774,199800.0,2026-08-20,-4.282,196700.0,2026-08-21,,,,,,,,,,,,,,,,,,,,,,,,,,,,2026-08-21,2.676,-4.282,3.65,-5.596,,0.0,0.0,0.0,0.0,TIMEOUT,2026-08-21
086280,현대글로비스,2026-08-06,2026-08-06,WATCH,68,LOWER_CHANNEL_WATCH,중기 Higher High + Higher Low | 상승추세 안의 단기 조정 + 전저점 유지 | 상승 평행채널 유효(커버리지 96%) | 최근 추세 하단(싼 구간) 접촉 | 현재도 채널 하단권 | 추세 하단 부근 쌍바닥/Higher-Low 형태 | 이동평균선 밀집,,207500.0,True,3.49,True,0.9552,0.3333,True,180689.4737,220910.5263,215000.0,261131.5789,177413.0,6.46,25.85,True,False,True,6.27,False,True,False,,False,False,,2026-08-01,2026-08-21,207500.0,10,0,0.0,207500.0,2026-08-07,-2.169,203000.0,2026-08-10,-2.892,201500.0,2026-08-11,-3.759,199700.0,2026-08-12,-1.446,204500.0,2026-08-13,1.687,211000.0,2026-08-14,-0.482,206500.0,2026-08-18,-1.928,203500.0,2026-08-19,-3.711,199800.0,2026-08-20,-5.205,196700.0,2026-08-21,,,,,,,,,,,,,,,,,,,,,,,,,,,,,,,2026-08-21,1.687,-5.205,2.651,-6.506,,0.0,0.0,0.0,0.0,TIMEOUT,2026-08-21
086280,현대글로비스,2026-08-07,2026-08-07,CONFIRMED,78,LOWER_CHANNEL_CONFIRMED_REVERSAL,중기 Higher High + Higher Low | 상승추세 안의 단기 조정 + 전저점 유지 | 상승 평행채널 유효(커버리지 96%) | 최근 추세 하단(싼 구간) 접촉 | 현재도 채널 하단권 | 추세 하단 부근 쌍바닥/Higher-Low 형태 | 이동평균선 밀집 | 이동평균선 재돌파 | 재상승 후 5일선 지지,,207500.0,True,3.49,True,0.9559,0.3303,True,180926.3158,221147.3684,215000.0,261368.4211,177413.0,6.58,25.96,True,False,True,5.24,True,True,False,,False,False,,2026-08-01,2026-08-21,207500.0,9,0,-2.169,203000.0,2026-08-10,-2.892,201500.0,2026-08-11,-3.759,199700.0,2026-08-12,-1.446,204500.0,2026-08-13,1.687,211000.0,2026-08-14,-0.482,206500.0,2026-08-18,-1.928,203500.0,2026-08-19,-3.711,199800.0,2026-08-20,-5.205,196700.0,2026-08-21,,,,,,,,,,,,,,,,,,,,,,,,,,,,,,,,,,2026-08-21,1.687,-5.205,2.651,-6.506,,0.0,0.0,0.0,0.0,TIMEOUT,2026-08-21
086280,현대글로비스,2026-08-10,2026-08-10,WATCH,68,LOWER_CHANNEL_WATCH,중기 Higher High + Higher Low | 상승추세 안의 단기 조정 + 전저점 유지 | 상승 평행채널 유효(커버리지 96%) | 최근 추세 하단(싼 구간) 접촉 | 현재도 채널 하단권 | 추세 하단 부근 쌍바닥/Higher-Low 형태 | 이동평균선 밀집,,203000.0,True,5.58,True,0.9565,0.2715,True,181163.1579,221384.2105,215000.0,261605.2632,177413.0,9.06,28.87,True,False,True,4.41,False,False,False,,False,False,,2026-08-01,2026-08-21,203000.0,8,0,-0.739,201500.0,2026-08-11,-1.626,199700.0,2026-08-12,0.739,204500.0,2026-08-13,3.941,211000.0,2026-08-14,1.724,206500.0,2026-08-18,0.246,203500.0,2026-08-19,-1.576,199800.0,2026-08-20,-3.103,196700.0,2026-08-21,,,,,,,,,,,,,,,,,,,,,,,,,,,,,,,,,,,,,2026-08-21,3.941,-3.103,4.926,-4.433,,0.0,0.0,0.0,0.0,TIMEOUT,2026-08-21
018260,삼성에스디에스,2026-08-03,2026-08-03,WATCH,68,LOWER_CHANNEL_WATCH,중기 Higher High + Higher Low | 상승추세 안의 단기 조정 + 전저점 유지 | 상승 평행채널 유효(커버리지 100%) | 최근 추세 하단(싼 구간) 접촉 | 현재도 채널 하단권 | 추세 하단 부근 쌍바닥/Higher-Low 형태 | 이동평균선 밀집,,203000.0,True,10.18,True,1.0,0.2956,True,191968.75,210625.0,226000.0,229281.25,186209.6875,3.76,12.95,True,False,True,5.35,False,True,False,,False,False,,2026-08-01,2026-08-21,203000.0,13,0,8.128,219500.0,2026-08-04,13.547,230500.0,2026-08-05,14.532,232500.0,2026-08-06,9.113,221500.0,2026-08-07,9.606,222500.0,2026-08-10,16.749,237000.0,2026-08-11,16.01,235500.0,2026-08-12,16.749,237000.0,2026-08-13,19.951,243500.0,2026-08-14,12.562,228500.0,2026-08-18,11.33,226000.0,2026-08-19,14.778,233000.0,2026-08-20,12.315,228000.0,2026-08-21,,,,,,,,,,,,,,,,,,,,,,2026-08-21,19.951,8.128,20.443,0.246,,1.0,1.0,1.0,0.0,UPPER,2026-08-05
018260,삼성에스디에스,2026-08-04,2026-08-04,WATCH,63,LOWER_CHANNEL_WATCH,중기 Higher High + Higher Low | 상승 평행채널 유효(커버리지 100%) | 최근 추세 하단(싼 구간) 접촉 | 추세 하단 부근 쌍바닥/Higher-Low 형태 | 이동평균선 밀집 | 이동평균선 재돌파 | 재상승 후 5일선 지지,,219500.0,True,2.88,True,1.0,0.7203,True,192625.0,211281.25,226000.0,229937.5,186846.25,-3.74,4.76,True,False,True,4.67,True,True,False,,False,False,,2026-08-01,2026-08-21,219500.0,12,0,5.011,230500.0,2026-08-05,5.923,232500.0,2026-08-06,0.911,221500.0,2026-08-07,1.367,222500.0,2026-08-10,7.973,237000.0,2026-08-11,7.289,235500.0,2026-08-12,7.973,237000.0,2026-08-13,10.934,243500.0,2026-08-14,4.1,228500.0,2026-08-18,2.961,226000.0,2026-08-19,6.15,233000.0,2026-08-20,3.872,228000.0,2026-08-21,,,,,,,,,,,,,,,,,,,,,,,,,2026-08-21,10.934,0.911,11.39,-2.278,,,1.0,1.0,0.0,UPPER,2026-08-05
018260,삼성에스디에스,2026-08-05,2026-08-05,WATCH,68,LOWER_CHANNEL_WATCH,중기 Higher High + Higher Low | 상승 평행채널 유효(커버리지 100%) | 최근 추세 하단(싼 구간) 접촉 | 추세 하단 부근 쌍바닥/Higher-Low 형태 | 쌍바닥 넥라인 돌파 확인 | 이동평균선 밀집 | 이동평균선 재돌파 | 재상승 후 5일선 지지,,230500.0,True,1.07,True,1.0,0.9975,True,193281.25,211937.5,226000.0,230593.75,187482.8125,-8.05,0.04,True,True,True,4.3,True,True,False,,False,False,,2026-08-01,2026-08-21,230500.0,11,0,0.868,232500.0,2026-08-06,-3.905,221500.0,2026-08-07,-3.471,222500.0,2026-08-10,2.82,237000.0,2026-08-11,2.169,235500.0,2026-08-12,2.82,237000.0,2026-08-13,5.64,243500.0,2026-08-14,-0.868,228500.0,2026-08-18,-1.952,226000.0,2026-08-19,1.085,233000.0,2026-08-20,-1.085,228000.0,2026-08-21,,,,,,,,,,,,,,,,,,,,,,,,,,,,2026-08-21,5.64,-3.905,6.074,-5.64,,,,1.0,0.0,UPPER,2026-08-06
018260,삼성에스디에스,2026-08-06,2026-08-06,WATCH,68,LOWER_CHANNEL_WATCH,중기 Higher High + Higher Low | 상승 평행채널 유효(커버리지 100%) | 최근 추세 하단(싼 구간) 접촉 | 추세 하단 부근 쌍바닥/Higher-Low 형태 | 쌍바닥 넥라인 돌파 확인 | 이동평균선 밀집 | 이동평균선 재돌파 | 재상승 후 5일선 지지,,232500.0,True,1.48,True,1.0,1.0335,True,193937.5,212593.75,226000.0,231250.0,188119.375,-8.56,-0.54,True,True,True,6.24,True,True,False,,False,False,,2026-08-01,2026-08-21,232500.0,10,0,-4.731,221500.0,2026-08-07,-4.301,222500.0,2026-08-10,1.935,237000.0,2026-08-11,1.29,235500.0,2026-08-12,1.935,237000.0,2026-08-13,4.731,243500.0,2026-08-14,-1.72,228500.0,2026-08-18,-2.796,226000.0,2026-08-19,0.215,233000.0,2026-08-20,-1.935,228000.0,2026-08-21,,,,,,,,,,,,,,,,,,,,,,,,,,,,,,,2026-08-21,4.731,-4.731,5.161,-6.452,,,,,0.0,TIMEOUT,2026-08-21
018260,삼성에스디에스,2026-08-07,2026-08-07,WATCH,65,LOWER_CHANNEL_WATCH,중기 Higher High + Higher Low | 상승추세 안의 단기 조정 + 전저점 유지 | 상승 평행채널 유효(커버리지 100%) | 최근 추세 하단(싼 구간) 접촉 | 추세 하단 부근 쌍바닥/Higher-Low 형태 | 이동평균선 재돌파 | 재상승 후 5일선 지지,,221500.0,True,6.14,True,1.0,0.7211,True,194593.75,213250.0,226000.0,231906.25,188755.9375,-3.72,4.7,True,False,False,7.2,True,True,False,,False,False,,2026-08-01,2026-08-21,221500.0,9,0,0.451,222500.0,2026-08-10,6.998,237000.0,2026-08-11,6.321,235500.0,2026-08-12,6.998,237000.0,2026-08-13,9.932,243500.0,2026-08-14,3.16,228500.0,2026-08-18,2.032,226000.0,2026-08-19,5.192,233000.0,2026-08-20,2.935,228000.0,2026-08-21,,,,,,,,,,,,,,,,,,,,,,,,,,,,,,,,,,2026-08-21,9.932,0.451,10.384,-1.806,,,1.0,1.0,0.0,UPPER,2026-08-11
018260,삼성에스디에스,2026-08-11,2026-08-11,WATCH,58,LOWER_CHANNEL_WATCH,중기 Higher High + Higher Low | 상승 평행채널 유효(커버리지 96%) | 최근 추세 하단(싼 구간) 접촉 | 추세 하단 부근 쌍바닥/Higher-Low 형태 | 쌍바닥 넥라인 돌파 확인 | 이동평균선 재돌파,,237000.0,True,1.86,True,0.9643,1.1013,True,195906.25,214562.5,226000.0,233218.75,190029.0625,-9.47,-1.6,True,True,False,8.38,True,False,False,,False,False,,2026-08-01,2026-08-21,237000.0,7,0,-0.633,235500.0,2026-08-12,0.0,237000.0,2026-08-13,2.743,243500.0,2026-08-14,-3.586,228500.0,2026-08-18,-4.641,226000.0,2026-08-19,-1.688,233000.0,2026-08-20,-3.797,228000.0,2026-08-21,,,,,,,,,,,,,,,,,,,,,,,,,,,,,,,,,,,,,,,,2026-08-21,2.743,-4.641,3.165,-8.228,,,,,0.0,TIMEOUT,2026-08-21
018260,삼성에스디에스,2026-08-12,2026-08-12,WATCH,70,LOWER_CHANNEL_WATCH,중기 Higher High + Higher Low | 상승추세 안의 단기 조정 + 전저점 유지 | 상승 평행채널 유효(커버리지 97%) | 최근 추세 하단(싼 구간) 접촉 | 추세 하단 부근 쌍바닥/Higher-Low 형태 | 쌍바닥 넥라인 돌파 확인 | 이동평균선 재돌파 | 재상승 후 5일선 지지,,235500.0,True,3.29,True,0.9655,1.0436,True,196562.5,215218.75,226000.0,233875.0,190665.625,-8.61,-0.69,True,True,False,7.95,True,True,False,,False,False,,2026-08-01,2026-08-21,235500.0,6,0,0.637,237000.0,2026-08-13,3.397,243500.0,2026-08-14,-2.972,228500.0,2026-08-18,-4.034,226000.0,2026-08-19,-1.062,233000.0,2026-08-20,-3.185,228000.0,2026-08-21,,,,,,,,,,,,,,,,,,,,,,,,,,,,,,,,,,,,,,,,,,,2026-08-21,3.397,-4.034,3.822,-7.643,,,,,0.0,TIMEOUT,2026-08-21
018260,삼성에스디에스,2026-08-13,2026-08-13,WATCH,60,LOWER_CHANNEL_WATCH,중기 Higher High + Higher Low | 상승 평행채널 유효(커버리지 97%) | 최근 추세 하단(싼 구간) 접촉 | 추세 하단 부근 쌍바닥/Higher-Low 형태 | 쌍바닥 넥라인 돌파 확인 | 이동평균선 재돌파 | 재상승 후 5일선 지지,,237000.0,True,2.67,True,0.9667,1.0662,True,197218.75,215875.0,226000.0,234531.25,191302.1875,-8.91,-1.04,True,True,False,7.49,True,True,False,,False,False,,2026-08-01,2026-08-21,237000.0,5,0,2.743,243500.0,2026-08-14,-3.586,228500.0,2026-08-18,-4.641,226000.0,2026-08-19,-1.688,233000.0,2026-08-20,-3.797,228000.0,2026-08-21,,,,,,,,,,,,,,,,,,,,,,,,,,,,,,,,,,,,,,,,,,,,,,2026-08-21,2.743,-4.641,3.165,-8.228,,,,,0.0,TIMEOUT,2026-08-21
018260,삼성에스디에스,2026-08-14,2026-08-14,WATCH,60,LOWER_CHANNEL_WATCH,중기 Higher High + Higher Low | 상승 평행채널 유효(커버리지 94%) | 최근 추세 하단(싼 구간) 접촉 | 추세 하단 부근 쌍바닥/Higher-Low 형태 | 쌍바닥 넥라인 돌파 확인 | 이동평균선 재돌파 | 재상승 후 5일선 지지,,243500.0,True,0.41,True,0.9355,1.2228,True,197875.0,216531.25,226000.0,235187.5,191938.75,-11.08,-3.41,True,True,False,8.19,True,True,False,,False,False,,2026-08-01,2026-08-21,243500.0,4,0,-6.16,228500.0,2026-08-18,-7.187,226000.0,2026-08-19,-4.312,233000.0,2026-08-20,-6.366,228000.0,2026-08-21,,,,,,,,,,,,,,,,,,,,,,,,,,,,,,,,,,,,,,,,,,,,,,,,,2026-08-21,-4.312,-7.187,-0.308,-10.678,,,,,0.0,TIMEOUT,2026-08-21
018260,삼성에스디에스,2026-08-18,2026-08-18,WATCH,60,LOWER_CHANNEL_WATCH,중기 Higher High + Higher Low | 상승추세 안의 단기 조정 + 전저점 유지 | 상승 평행채널 유효(커버리지 94%) | 최근 추세 하단(싼 구간) 접촉 | 추세 하단 부근 쌍바닥/Higher-Low 형태 | 쌍바닥 넥라인 돌파 확인,,228500.0,True,6.54,True,0.9375,0.8032,True,198531.25,217187.5,226000.0,235843.75,192575.3125,-4.95,3.21,True,True,False,8.32,False,False,False,,False,False,,2026-08-01,2026-08-21,228500.0,3,0,-1.094,226000.0,2026-08-19,1.969,233000.0,2026-08-20,-0.219,228000.0,2026-08-21,,,,,,,,,,,,,,,,,,,,,,,,,,,,,,,,,,,,,,,,,,,,,,,,,,,,2026-08-21,1.969,-1.094,3.939,-4.814,,,,1.0,0.0,UPPER,2026-08-20
018260,삼성에스디에스,2026-08-20,2026-08-20,WATCH,68,LOWER_CHANNEL_WATCH,중기 Higher High + Higher Low | 상승추세 안의 단기 조정 + 전저점 유지 | 상승 평행채널 유효(커버리지 100%) | 최근 추세 하단(싼 구간) 접촉 | 추세 하단 부근 쌍바닥/Higher-Low 형태 | 쌍바닥 넥라인 돌파 확인 | 이동평균선 밀집,,233000.0,True,4.7,True,1.0,0.6697,True,203800.0,225600.0,244500.0,247400.0,197686.0,-3.18,6.18,True,True,True,5.67,False,False,False,,False,False,,2026-08-01,2026-08-21,233000.0,1,0,-2.146,228000.0,2026-08-21,,,,,,,,,,,,,,,,,,,,,,,,,,,,,,,,,,,,,,,,,,,,,,,,,,,,,,,,,,2026-08-21,-2.146,-2.146,-1.288,-5.15,,,0.0,0.0,0.0,TIMEOUT,2026-08-21
018260,삼성에스디에스,2026-08-21,2026-08-21,WATCH,68,LOWER_CHANNEL_WATCH,중기 Higher High + Higher Low | 상승추세 안의 단기 조정 + 전저점 유지 | 상승 평행채널 유효(커버리지 100%) | 최근 추세 하단(싼 구간) 접촉 | 추세 하단 부근 쌍바닥/Higher-Low 형태 | 쌍바닥 넥라인 돌파 확인 | 이동평균선 밀집,,228000.0,True,6.75,True,1.0,0.5329,True,204766.6667,226566.6667,244500.0,248366.6667,198623.6667,-0.63,8.93,True,True,True,4.81,False,False,False,,False,False,,2026-08-01,2026-08-21,228000.0,0,0,,,,,,,,,,,,,,,,,,,,,,,,,,,,,,,,,,,,,,,,,,,,,,,,,,,,,,,,,,,,,,,,,,,,,,,,
010950,S-Oil,2026-08-07,2026-08-07,WATCH,65,LOWER_CHANNEL_WATCH,중기 Higher High + Higher Low | 상승추세 안의 단기 조정 + 전저점 유지 | 상승 평행채널 유효(커버리지 100%) | 최근 추세 하단(싼 구간) 접촉 | 현재도 채널 하단권 | 이동평균선 재돌파 | 재상승 후 5일선 지지,,137600.0,True,12.08,True,1.0,0.331,True,122735.0,145192.5,156500.0,167650.0,119052.95,5.52,21.84,False,False,False,11.88,True,True,False,,False,False,,2026-08-01,2026-08-21,137600.0,9,0,1.453,139600.0,2026-08-10,2.907,141600.0,2026-08-11,2.834,141500.0,2026-08-12,2.398,140900.0,2026-08-13,7.267,147600.0,2026-08-14,11.628,153600.0,2026-08-18,10.174,151600.0,2026-08-19,3.634,142600.0,2026-08-20,2.544,141100.0,2026-08-21,,,,,,,,,,,,,,,,,,,,,,,,,,,,,,,,,,2026-08-21,11.628,1.453,14.317,-4.578,,1.0,1.0,0.0,0.0,TIMEOUT,2026-08-21
010950,S-Oil,2026-08-10,2026-08-10,WATCH,60,LOWER_CHANNEL_WATCH,중기 Higher High + Higher Low | 상승추세 안의 단기 조정 + 전저점 유지 | 상승 평행채널 유효(커버리지 100%) | 최근 추세 하단(싼 구간) 접촉 | 이동평균선 재돌파 | 재상승 후 5일선 지지,,139600.0,True,10.8,True,1.0,0.3507,True,123850.0,146307.5,156500.0,168765.0,120134.5,4.8,20.89,False,False,False,11.69,True,True,False,,False,False,,2026-08-01,2026-08-21,139600.0,8,0,1.433,141600.0,2026-08-11,1.361,141500.0,2026-08-12,0.931,140900.0,2026-08-13,5.731,147600.0,2026-08-14,10.029,153600.0,2026-08-18,8.596,151600.0,2026-08-19,2.149,142600.0,2026-08-20,1.074,141100.0,2026-08-21,,,,,,,,,,,,,,,,,,,,,,,,,,,,,,,,,,,,,2026-08-21,10.029,0.931,12.679,-1.289,,1.0,1.0,0.0,0.0,TIMEOUT,2026-08-21
010950,S-Oil,2026-08-11,2026-08-11,WATCH,60,LOWER_CHANNEL_WATCH,중기 Higher High + Higher Low | 상승추세 안의 단기 조정 + 전저점 유지 | 상승 평행채널 유효(커버리지 100%) | 최근 추세 하단(싼 구간) 접촉 | 이동평균선 재돌파 | 재상승 후 5일선 지지,,141600.0,True,9.52,True,1.0,0.3704,True,124965.0,147422.5,156500.0,169880.0,121216.05,4.11,19.97,False,False,False,11.28,True,True,False,,False,False,,2026-08-01,2026-08-21,141600.0,7,0,-0.071,141500.0,2026-08-12,-0.494,140900.0,2026-08-13,4.237,147600.0,2026-08-14,8.475,153600.0,2026-08-18,7.062,151600.0,2026-08-19,0.706,142600.0,2026-08-20,-0.353,141100.0,2026-08-21,,,,,,,,,,,,,,,,,,,,,,,,,,,,,,,,,,,,,,,,2026-08-21,8.475,-0.494,11.088,-2.684,,1.0,1.0,0.0,0.0,TIMEOUT,2026-08-21
010950,S-Oil,2026-08-12,2026-08-12,WATCH,65,LOWER_CHANNEL_WATCH,중기 Higher High + Higher Low | 상승추세 안의 단기 조정 + 전저점 유지 | 상승 평행채널 유효(커버리지 100%) | 최근 추세 하단(싼 구간) 접촉 | 현재도 채널 하단권 | 이동평균선 재돌파 | 재상승 후 5일선 지지,,141500.0,True,9.58,True,1.0,0.3433,True,126080.0,148537.5,156500.0,170995.0,122297.6,4.97,20.84,False,False,False,11.99,True,True,False,,False,False,,2026-08-01,2026-08-21,141500.0,6,0,-0.424,140900.0,2026-08-13,4.311,147600.0,2026-08-14,8.551,153600.0,2026-08-18,7.138,151600.0,2026-08-19,0.777,142600.0,2026-08-20,-0.283,141100.0,2026-08-21,,,,,,,,,,,,,,,,,,,,,,,,,,,,,,,,,,,,,,,,,,,2026-08-21,8.551,-0.424,11.166,-2.615,,1.0,1.0,0.0,0.0,TIMEOUT,2026-08-21
010950,S-Oil,2026-08-13,2026-08-13,WATCH,65,LOWER_CHANNEL_WATCH,중기 Higher High + Higher Low | 상승추세 안의 단기 조정 + 전저점 유지 | 상승 평행채널 유효(커버리지 100%) | 최근 추세 하단(싼 구간) 접촉 | 현재도 채널 하단권 | 이동평균선 재돌파 | 재상승 후 5일선 지지,,140900.0,True,9.97,True,1.0,0.3051,True,127195.0,149652.5,156500.0,172110.0,123379.15,6.21,22.15,False,False,False,13.97,True,True,False,,False,False,,2026-08-01,2026-08-21,140900.0,5,0,4.755,147600.0,2026-08-14,9.013,153600.0,2026-08-18,7.594,151600.0,2026-08-19,1.207,142600.0,2026-08-20,0.142,141100.0,2026-08-21,,,,,,,,,,,,,,,,,,,,,,,,,,,,,,,,,,,,,,,,,,,,,,2026-08-21,9.013,0.142,11.639,-2.2,,1.0,1.0,0.0,0.0,TIMEOUT,2026-08-21
010950,S-Oil,2026-08-14,2026-08-14,WATCH,58,LOWER_CHANNEL_WATCH,중기 Higher High + Higher Low | 상승추세 안의 단기 조정 + 전저점 유지 | 상승 평행채널 유효(커버리지 100%) | 최근 추세 하단(싼 구간) 접촉 | 이동평균선 재돌파,,147600.0,True,5.69,True,1.0,0.4295,True,128310.0,150767.5,156500.0,173225.0,124460.7,2.15,17.36,False,False,False,14.26,True,False,False,,False,False,,2026-08-01,2026-08-21,147600.0,4,0,4.065,153600.0,2026-08-18,2.71,151600.0,2026-08-19,-3.388,142600.0,2026-08-20,-4.404,141100.0,2026-08-21,,,,,,,,,,,,,,,,,,,,,,,,,,,,,,,,,,,,,,,,,,,,,,,,,2026-08-21,4.065,-4.404,6.572,-5.556,,1.0,1.0,0.0,0.0,TIMEOUT,2026-08-21
259960,크래프톤,2026-08-11,2026-08-11,WATCH,73,LOWER_CHANNEL_WATCH,중기 Higher High + Higher Low | 상승추세 안의 단기 조정 + 전저점 유지 | 상승 평행채널 유효(커버리지 97%) | 최근 추세 하단(싼 구간) 접촉 | 추세 하단 부근 쌍바닥/Higher-Low 형태 | 이동평균선 밀집 | 이동평균선 재돌파 | 재상승 후 5일선 지지,,244000.0,True,7.92,True,0.9744,0.4233,True,225550.0,247341.6667,265000.0,269133.3333,218783.5,1.37,10.3,True,False,True,2.01,True,True,False,,False,False,,2026-08-01,2026-08-21,244000.0,7,0,-3.689,235000.0,2026-08-12,-3.893,234500.0,2026-08-13,-2.459,238000.0,2026-08-14,-7.172,226500.0,2026-08-18,-9.221,221500.0,2026-08-19,-8.811,222500.0,2026-08-20,-9.016,222000.0,2026-08-21,,,,,,,,,,,,,,,,,,,,,,,,,,,,,,,,,,,,,,,,2026-08-21,-2.459,-9.221,1.23,-11.066,,0.0,0.0,0.0,1.0,STOP,2026-08-19
259960,크래프톤,2026-08-12,2026-08-12,WATCH,68,LOWER_CHANNEL_WATCH,중기 Higher High + Higher Low | 상승추세 안의 단기 조정 + 전저점 유지 | 상승 평행채널 유효(커버리지 98%) | 최근 추세 하단(싼 구간) 접촉 | 현재도 채널 하단권 | 추세 하단 부근 쌍바닥/Higher-Low 형태 | 이동평균선 밀집,,235000.0,True,11.32,True,0.975,0.205,True,226066.6667,247858.3333,265000.0,269650.0,219284.6667,5.47,14.74,True,False,True,1.27,False,True,False,,False,False,,2026-08-01,2026-08-21,235000.0,6,0,-0.213,234500.0,2026-08-13,1.277,238000.0,2026-08-14,-3.617,226500.0,2026-08-18,-5.745,221500.0,2026-08-19,-5.319,222500.0,2026-08-20,-5.532,222000.0,2026-08-21,,,,,,,,,,,,,,,,,,,,,,,,,,,,,,,,,,,,,,,,,,,2026-08-21,1.277,-5.745,1.702,-7.66,,0.0,0.0,0.0,1.0,STOP,2026-08-19
259960,크래프톤,2026-08-13,2026-08-13,WATCH,68,LOWER_CHANNEL_WATCH,중기 Higher High + Higher Low | 상승추세 안의 단기 조정 + 전저점 유지 | 상승 평행채널 유효(커버리지 98%) | 최근 추세 하단(싼 구간) 접촉 | 현재도 채널 하단권 | 추세 하단 부근 쌍바닥/Higher-Low 형태 | 이동평균선 밀집,,234500.0,True,11.51,True,0.9756,0.1816,True,226583.3333,248375.0,265000.0,270166.6667,219785.8333,5.92,15.21,True,False,True,0.81,False,False,False,,False,False,,2026-08-01,2026-08-21,234500.0,5,0,1.493,238000.0,2026-08-14,-3.412,226500.0,2026-08-18,-5.544,221500.0,2026-08-19,-5.117,222500.0,2026-08-20,-5.33,222000.0,2026-08-21,,,,,,,,,,,,,,,,,,,,,,,,,,,,,,,,,,,,,,,,,,,,,,2026-08-21,1.493,-5.544,1.919,-7.463,,0.0,0.0,0.0,1.0,STOP,2026-08-19
259960,크래프톤,2026-08-14,2026-08-14,WATCH,68,LOWER_CHANNEL_WATCH,중기 Higher High + Higher Low | 상승추세 안의 단기 조정 + 전저점 유지 | 상승 평행채널 유효(커버리지 98%) | 최근 추세 하단(싼 구간) 접촉 | 현재도 채널 하단권 | 추세 하단 부근 쌍바닥/Higher-Low 형태 | 이동평균선 밀집,,238000.0,True,10.19,True,0.9762,0.2501,True,227100.0,248891.6667,265000.0,270683.3333,220287.0,4.58,13.73,True,False,True,0.59,False,True,False,,False,False,,2026-08-01,2026-08-21,238000.0,4,0,-4.832,226500.0,2026-08-18,-6.933,221500.0,2026-08-19,-6.513,222500.0,2026-08-20,-6.723,222000.0,2026-08-21,,,,,,,,,,,,,,,,,,,,,,,,,,,,,,,,,,,,,,,,,,,,,,,,,2026-08-21,-4.832,-6.933,-0.21,-8.824,,0.0,0.0,0.0,1.0,STOP,2026-08-19
259960,크래프톤,2026-08-18,2026-08-18,WATCH,68,LOWER_CHANNEL_WATCH,중기 Higher High + Higher Low | 상승추세 안의 단기 조정 + 전저점 유지 | 상승 평행채널 유효(커버리지 98%) | 최근 추세 하단(싼 구간) 접촉 | 현재도 채널 하단권 | 추세 하단 부근 쌍바닥/Higher-Low 형태 | 이동평균선 밀집,,226500.0,True,14.53,True,0.9767,-0.0256,True,227616.6667,249408.3333,265000.0,271200.0,220788.1667,10.11,19.74,True,False,True,1.68,False,False,False,,False,False,,2026-08-01,2026-08-21,226500.0,3,0,-2.208,221500.0,2026-08-19,-1.766,222500.0,2026-08-20,-1.987,222000.0,2026-08-21,,,,,,,,,,,,,,,,,,,,,,,,,,,,,,,,,,,,,,,,,,,,,,,,,,,,2026-08-21,-1.766,-2.208,0.662,-4.194,,0.0,0.0,0.0,1.0,STOP,2026-08-19
003230,삼양식품,2026-08-07,2026-08-07,WATCH,68,LOWER_CHANNEL_WATCH,중기 Higher High + Higher Low | 상승 평행채널 유효(커버리지 100%) | 최근 추세 하단(싼 구간) 접촉 | 추세 하단 부근 쌍바닥/Higher-Low 형태 | 쌍바닥 넥라인 돌파 확인 | 이동평균선 밀집 | 이동평균선 재돌파 | 재상승 후 5일선 지지,,1306000.0,True,1.21,True,1.0,0.8247,True,1117562.5,1231812.5,1322000.0,1346062.5,1087370.0,-5.68,3.07,True,True,True,4.99,True,True,False,,False,False,,2026-08-01,2026-08-21,1306000.0,9,0,-1.378,1288000.0,2026-08-10,-3.982,1254000.0,2026-08-11,-7.81,1204000.0,2026-08-12,-6.662,1219000.0,2026-08-13,-2.757,1270000.0,2026-08-14,2.144,1334000.0,2026-08-18,-0.153,1304000.0,2026-08-19,6.968,1397000.0,2026-08-20,4.594,1366000.0,2026-08-21,,,,,,,,,,,,,,,,,,,,,,,,,,,,,,,,,,2026-08-21,6.968,-7.81,8.116,-8.576,,,1.0,1.0,0.0,UPPER,2026-08-19
003230,삼양식품,2026-08-10,2026-08-10,WATCH,60,LOWER_CHANNEL_WATCH,중기 Higher High + Higher Low | 상승 평행채널 유효(커버리지 100%) | 최근 추세 하단(싼 구간) 접촉 | 추세 하단 부근 쌍바닥/Higher-Low 형태 | 쌍바닥 넥라인 돌파 확인 | 이동평균선 재돌파 | 재상승 후 5일선 지지,,1288000.0,True,2.65,True,1.0,0.7309,True,1121000.0,1235250.0,1322000.0,1349500.0,1087370.0,-4.1,4.77,True,True,False,6.61,True,True,False,,False,False,,2026-08-01,2026-08-21,1288000.0,8,0,-2.64,1254000.0,2026-08-11,-6.522,1204000.0,2026-08-12,-5.357,1219000.0,2026-08-13,-1.398,1270000.0,2026-08-14,3.571,1334000.0,2026-08-18,1.242,1304000.0,2026-08-19,8.463,1397000.0,2026-08-20,6.056,1366000.0,2026-08-21,,,,,,,,,,,,,,,,,,,,,,,,,,,,,,,,,,,,,2026-08-21,8.463,-6.522,9.627,-7.298,,,1.0,1.0,0.0,UPPER,2026-08-19
003230,삼양식품,2026-08-11,2026-08-11,WATCH,60,LOWER_CHANNEL_WATCH,중기 Higher High + Higher Low | 상승추세 안의 단기 조정 + 전저점 유지 | 상승 평행채널 유효(커버리지 100%) | 최근 추세 하단(싼 구간) 접촉 | 추세 하단 부근 쌍바닥/Higher-Low 형태 | 쌍바닥 넥라인 돌파 확인,,1254000.0,True,5.86,True,1.0,0.567,True,1124437.5,1238687.5,1322000.0,1352937.5,1090704.375,-1.22,7.89,True,True,False,6.77,False,True,False,,False,False,,2026-08-01,2026-08-21,1254000.0,7,0,-3.987,1204000.0,2026-08-12,-2.791,1219000.0,2026-08-13,1.276,1270000.0,2026-08-14,6.38,1334000.0,2026-08-18,3.987,1304000.0,2026-08-19,11.404,1397000.0,2026-08-20,8.931,1366000.0,2026-08-21,,,,,,,,,,,,,,,,,,,,,,,,,,,,,,,,,,,,,,,,2026-08-21,11.404,-3.987,12.6,-4.785,,,1.0,1.0,0.0,UPPER,2026-08-19
003230,삼양식품,2026-08-12,2026-08-12,WATCH,60,LOWER_CHANNEL_WATCH,중기 Higher High + Higher Low | 상승추세 안의 단기 조정 + 전저점 유지 | 상승 평행채널 유효(커버리지 100%) | 최근 추세 하단(싼 구간) 접촉 | 현재도 채널 하단권 | 추세 하단 부근 쌍바닥/Higher-Low 형태,,1204000.0,True,9.61,True,1.0,0.3332,True,1127875.0,1242125.0,1322000.0,1356375.0,1094038.75,3.17,12.66,True,False,False,7.18,False,False,False,,False,False,,2026-08-01,2026-08-21,1204000.0,6,0,1.246,1219000.0,2026-08-13,5.482,1270000.0,2026-08-14,10.797,1334000.0,2026-08-18,8.306,1304000.0,2026-08-19,16.03,1397000.0,2026-08-20,13.455,1366000.0,2026-08-21,,,,,,,,,,,,,,,,,,,,,,,,,,,,,,,,,,,,,,,,,,,2026-08-21,16.03,1.246,17.276,-0.831,,1.0,1.0,1.0,0.0,UPPER,2026-08-19
003230,삼양식품,2026-08-14,2026-08-14,WATCH,76,LOWER_CHANNEL_WATCH,중기 Higher High + Higher Low | 상승추세 안의 단기 조정 + 전저점 유지 | 상승 평행채널 유효(커버리지 100%) | 최근 추세 하단(싼 구간) 접촉 | 추세 하단 부근 쌍바닥/Higher-Low 형태 | 쌍바닥 넥라인 돌파 확인 | 이동평균선 밀집 | 이동평균선 재돌파,,1270000.0,True,4.65,True,1.0,0.6846,True,1116365.8537,1228573.1707,1332000.0,1340780.4878,1087370.0,-3.26,5.57,True,True,True,6.38,True,False,False,,False,False,,2026-08-01,2026-08-21,1270000.0,4,0,5.039,1334000.0,2026-08-18,2.677,1304000.0,2026-08-19,10.0,1397000.0,2026-08-20,7.559,1366000.0,2026-08-21,,,,,,,,,,,,,,,,,,,,,,,,,,,,,,,,,,,,,,,,,,,,,,,,,2026-08-21,10.0,2.677,11.181,-0.866,,,1.0,1.0,0.0,UPPER,2026-08-18
003230,삼양식품,2026-08-18,2026-08-18,WATCH,60,LOWER_CHANNEL_WATCH,중기 Higher High + Higher Low | 상승 평행채널 유효(커버리지 100%) | 최근 추세 하단(싼 구간) 접촉 | 추세 하단 부근 쌍바닥/Higher-Low 형태 | 쌍바닥 넥라인 돌파 확인 | 이동평균선 재돌파 | 재상승 후 5일선 지지,,1334000.0,True,1.55,True,1.0,0.9567,True,1119292.6829,1231500.0,1332000.0,1343707.3171,1087370.0,-7.68,0.73,True,True,False,6.79,True,True,False,,False,False,,2026-08-01,2026-08-21,1334000.0,3,0,-2.249,1304000.0,2026-08-19,4.723,1397000.0,2026-08-20,2.399,1366000.0,2026-08-21,,,,,,,,,,,,,,,,,,,,,,,,,,,,,,,,,,,,,,,,,,,,,,,,,,,,2026-08-21,4.723,-2.249,5.847,-3.298,,,,1.0,0.0,UPPER,2026-08-19
003230,삼양식품,2026-08-19,2026-08-19,WATCH,70,LOWER_CHANNEL_WATCH,중기 Higher High + Higher Low | 상승추세 안의 단기 조정 + 전저점 유지 | 상승 평행채널 유효(커버리지 100%) | 최근 추세 하단(싼 구간) 접촉 | 추세 하단 부근 쌍바닥/Higher-Low 형태 | 쌍바닥 넥라인 돌파 확인 | 이동평균선 재돌파 | 재상승 후 5일선 지지,,1304000.0,True,6.32,True,1.0,0.81,True,1122219.5122,1234426.8293,1332000.0,1346634.1463,1088552.9268,-5.34,3.27,True,True,False,7.73,True,True,False,,False,False,,2026-08-01,2026-08-21,1304000.0,2,0,7.132,1397000.0,2026-08-20,4.755,1366000.0,2026-08-21,,,,,,,,,,,,,,,,,,,,,,,,,,,,,,,,,,,,,,,,,,,,,,,,,,,,,,,2026-08-21,7.132,4.755,8.282,-1.074,,,1.0,1.0,0.0,UPPER,2026-08-20
003230,삼양식품,2026-08-20,2026-08-20,WATCH,60,LOWER_CHANNEL_WATCH,중기 Higher High + Higher Low | 상승 평행채널 유효(커버리지 98%) | 최근 추세 하단(싼 구간) 접촉 | 추세 하단 부근 쌍바닥/Higher-Low 형태 | 쌍바닥 넥라인 돌파 확인 | 이동평균선 재돌파 | 재상승 후 5일선 지지,,1397000.0,True,1.06,True,0.9792,1.2114,True,1125146.3415,1237353.6585,1332000.0,1349560.9756,1091391.9512,-11.43,-3.4,True,True,False,9.88,True,True,False,,False,False,,2026-08-01,2026-08-21,1397000.0,1,0,-2.219,1366000.0,2026-08-21,,,,,,,,,,,,,,,,,,,,,,,,,,,,,,,,,,,,,,,,,,,,,,,,,,,,,,,,,,2026-08-21,-2.219,-2.219,0.787,-2.792,,,,,0.0,TIMEOUT,2026-08-21
003230,삼양식품,2026-08-21,2026-08-21,WATCH,70,LOWER_CHANNEL_WATCH,중기 Higher High + Higher Low | 상승추세 안의 단기 조정 + 전저점 유지 | 상승 평행채널 유효(커버리지 98%) | 최근 추세 하단(싼 구간) 접촉 | 추세 하단 부근 쌍바닥/Higher-Low 형태 | 쌍바닥 넥라인 돌파 확인 | 이동평균선 재돌파 | 재상승 후 5일선 지지,,1366000.0,True,3.26,True,0.9796,1.0602,True,1128073.1707,1240280.4878,1332000.0,1352487.8049,1094230.9756,-9.2,-0.99,True,True,False,12.17,True,True,False,,False,False,,2026-08-01,2026-08-21,1366000.0,0,0,,,,,,,,,,,,,,,,,,,,,,,,,,,,,,,,,,,,,,,,,,,,,,,,,,,,,,,,,,,,,,,,,,,,,,,,
161390,한국타이어앤테크놀로지,2026-08-03,2026-08-03,WATCH,63,LOWER_CHANNEL_WATCH,중기 Higher High + Higher Low | 상승추세 안의 단기 조정 + 전저점 유지 | 상승 평행채널 유효(커버리지 97%) | 최근 추세 하단(싼 구간) 접촉 | 현재도 채널 하단권 | 이동평균선 밀집,,66800.0,True,13.92,True,0.9706,0.0404,True,66293.3333,72565.0,77600.0,78836.6667,64505.0,8.63,18.02,False,False,True,5.78,False,True,False,,False,False,,2026-08-01,2026-08-21,66800.0,13,0,1.347,67700.0,2026-08-04,1.347,67700.0,2026-08-05,5.539,70500.0,2026-08-06,5.539,70500.0,2026-08-07,4.79,70000.0,2026-08-10,-1.946,65500.0,2026-08-11,4.94,70100.0,2026-08-12,7.036,71500.0,2026-08-13,7.186,71600.0,2026-08-14,3.443,69100.0,2026-08-18,1.946,68100.0,2026-08-19,-0.449,66500.0,2026-08-20,-1.198,66000.0,2026-08-21,,,,,,,,,,,,,,,,,,,,,,2026-08-21,7.186,-1.946,9.581,-4.042,,0.0,0.0,0.0,1.0,STOP,2026-08-11
161390,한국타이어앤테크놀로지,2026-08-20,2026-08-20,WATCH,68,LOWER_CHANNEL_WATCH,중기 Higher High + Higher Low | 상승추세 안의 단기 조정 + 전저점 유지 | 상승 평행채널 유효(커버리지 100%) | 최근 추세 하단(싼 구간) 접촉 | 현재도 채널 하단권 | 추세 하단 부근 쌍바닥/Higher-Low 형태 | 이동평균선 밀집,,66500.0,True,14.3,True,1.0,-0.0119,True,66680.0,74230.0,73200.0,81780.0,64679.6,11.62,22.98,True,False,True,1.56,False,False,False,,False,False,,2026-08-01,2026-08-21,66500.0,1,0,-0.752,66000.0,2026-08-21,,,,,,,,,,,,,,,,,,,,,,,,,,,,,,,,,,,,,,,,,,,,,,,,,,,,,,,,,,2026-08-21,-0.752,-0.752,0.15,-2.857,,0.0,0.0,0.0,1.0,STOP,2026-08-21
078930,GS,2026-08-05,2026-08-05,WATCH,60,LOWER_CHANNEL_WATCH,중기 Higher High + Higher Low | 상승추세 안의 단기 조정 + 전저점 유지 | 상승 평행채널 유효(커버리지 100%) | 최근 추세 하단(싼 구간) 접촉 | 이동평균선 재돌파 | 재상승 후 5일선 지지,,95000.0,True,6.77,True,1.0,0.7084,True,73904.878,88793.9024,99800.0,103682.9268,71687.7317,-6.53,9.14,False,False,False,13.94,True,True,False,,False,False,,2026-08-01,2026-08-21,95000.0,11,0,4.0,98800.0,2026-08-06,4.105,98900.0,2026-08-07,2.421,97300.0,2026-08-10,2.632,97500.0,2026-08-11,6.316,101000.0,2026-08-12,13.053,107400.0,2026-08-13,23.158,117000.0,2026-08-14,25.579,119300.0,2026-08-18,26.0,119700.0,2026-08-19,19.579,113600.0,2026-08-20,22.316,116200.0,2026-08-21,,,,,,,,,,,,,,,,,,,,,,,,,,,,2026-08-21,26.0,2.421,27.579,-0.579,,,1.0,1.0,0.0,UPPER,2026-08-12
078930,GS,2026-08-06,2026-08-06,WATCH,60,LOWER_CHANNEL_WATCH,중기 Higher High + Higher Low | 상승추세 안의 단기 조정 + 전저점 유지 | 상승 평행채널 유효(커버리지 100%) | 최근 추세 하단(싼 구간) 접촉 | 이동평균선 재돌파 | 재상승 후 5일선 지지,,98800.0,True,3.04,True,1.0,0.8893,True,70614.8936,86461.7021,99800.0,102308.5106,68496.4468,-12.49,3.55,False,False,False,15.53,True,True,False,,False,False,,2026-08-01,2026-08-21,98800.0,10,0,0.101,98900.0,2026-08-07,-1.518,97300.0,2026-08-10,-1.316,97500.0,2026-08-11,2.227,101000.0,2026-08-12,8.704,107400.0,2026-08-13,18.421,117000.0,2026-08-14,20.749,119300.0,2026-08-18,21.154,119700.0,2026-08-19,14.98,113600.0,2026-08-20,17.611,116200.0,2026-08-21,,,,,,,,,,,,,,,,,,,,,,,,,,,,,,,2026-08-21,21.154,-1.518,22.672,-4.403,,,1.0,1.0,0.0,UPPER,2026-08-12
078930,GS,2026-08-12,2026-08-12,WATCH,60,LOWER_CHANNEL_WATCH,중기 Higher High + Higher Low | 상승추세 안의 단기 조정 + 전저점 유지 | 상승 평행채널 유효(커버리지 100%) | 최근 추세 하단(싼 구간) 접촉 | 이동평균선 재돌파 | 재상승 후 5일선 지지,,101000.0,True,5.08,True,1.0,0.8915,True,75167.3469,89656.1224,101900.0,104144.898,72912.3265,-11.23,3.11,False,False,False,19.41,True,True,False,,False,False,,2026-08-01,2026-08-21,101000.0,6,0,6.337,107400.0,2026-08-13,15.842,117000.0,2026-08-14,18.119,119300.0,2026-08-18,18.515,119700.0,2026-08-19,12.475,113600.0,2026-08-20,15.05,116200.0,2026-08-21,,,,,,,,,,,,,,,,,,,,,,,,,,,,,,,,,,,,,,,,,,,2026-08-21,18.515,6.337,20.0,-1.188,,,1.0,1.0,0.0,UPPER,2026-08-13
078930,GS,2026-08-13,2026-08-13,WATCH,60,LOWER_CHANNEL_WATCH,중기 Higher High + Higher Low | 상승추세 안의 단기 조정 + 전저점 유지 | 상승 평행채널 유효(커버리지 100%) | 최근 추세 하단(싼 구간) 접촉 | 이동평균선 재돌파 | 재상승 후 5일선 지지,,107400.0,True,4.96,True,1.0,1.027,True,76817.0732,91706.0976,101900.0,106595.122,74512.561,-14.61,-0.75,False,False,False,19.35,True,True,False,,False,False,,2026-08-01,2026-08-21,107400.0,5,0,8.939,117000.0,2026-08-14,11.08,119300.0,2026-08-18,11.453,119700.0,2026-08-19,5.773,113600.0,2026-08-20,8.194,116200.0,2026-08-21,,,,,,,,,,,,,,,,,,,,,,,,,,,,,,,,,,,,,,,,,,,,,,2026-08-21,11.453,5.773,12.849,-0.466,,,,,0.0,TIMEOUT,2026-08-21
032640,LG유플러스,2026-08-04,2026-08-04,CONFIRMED,90,LOWER_CHANNEL_CONFIRMED_REVERSAL,중기 Higher High + Higher Low | 상승추세 안의 단기 조정 + 전저점 유지 | 상승 평행채널 유효(커버리지 100%) | 최근 추세 하단(싼 구간) 접촉 | 현재도 채널 하단권 | 추세 하단 부근 쌍바닥/Higher-Low 형태 | 쌍바닥 넥라인 돌파 확인 | 이동평균선 밀집 | 추세 바닥권 거래량 급증 양봉 | 거래량 기준봉 저가 지지 | 기준봉 지지 후 재상승 전환,,14930.0,True,5.21,True,1.0,0.0746,True,14694.0,16275.0,15750.0,17856.0,14253.18,9.01,19.6,True,True,True,2.18,False,True,True,2026-07-30,True,False,2.02,2026-08-01,2026-08-21,14930.0,12,0,-0.067,14920.0,2026-08-05,0.469,15000.0,2026-08-06,0.201,14960.0,2026-08-07,0.134,14950.0,2026-08-10,4.421,15590.0,2026-08-11,-0.335,14880.0,2026-08-12,-1.541,14700.0,2026-08-13,0.871,15060.0,2026-08-14,0.0,14930.0,2026-08-18,-1.34,14730.0,2026-08-19,-1.808,14660.0,2026-08-20,-0.402,14870.0,2026-08-21,,,,,,,,,,,,,,,,,,,,,,,,,2026-08-21,4.421,-1.808,5.358,-3.416,,0.0,0.0,0.0,1.0,STOP,2026-08-19
032640,LG유플러스,2026-08-05,2026-08-05,WATCH,82,LOWER_CHANNEL_WATCH,중기 Higher High + Higher Low | 상승추세 안의 단기 조정 + 전저점 유지 | 상승 평행채널 유효(커버리지 100%) | 최근 추세 하단(싼 구간) 접촉 | 현재도 채널 하단권 | 추세 하단 부근 쌍바닥/Higher-Low 형태 | 이동평균선 밀집 | 추세 바닥권 거래량 급증 양봉 | 거래량 기준봉 저가 지지,,14920.0,True,5.27,True,1.0,0.0607,True,14728.0,16309.0,15750.0,17890.0,14286.16,9.31,19.91,True,False,True,2.19,False,True,True,2026-07-30,True,False,2.02,2026-08-01,2026-08-21,14920.0,11,0,0.536,15000.0,2026-08-06,0.268,14960.0,2026-08-07,0.201,14950.0,2026-08-10,4.491,15590.0,2026-08-11,-0.268,14880.0,2026-08-12,-1.475,14700.0,2026-08-13,0.938,15060.0,2026-08-14,0.067,14930.0,2026-08-18,-1.273,14730.0,2026-08-19,-1.743,14660.0,2026-08-20,-0.335,14870.0,2026-08-21,,,,,,,,,,,,,,,,,,,,,,,,,,,,2026-08-21,4.491,-1.743,5.429,-3.351,,0.0,0.0,0.0,1.0,STOP,2026-08-19
032640,LG유플러스,2026-08-06,2026-08-06,CONFIRMED,90,LOWER_CHANNEL_CONFIRMED_REVERSAL,중기 Higher High + Higher Low | 상승추세 안의 단기 조정 + 전저점 유지 | 상승 평행채널 유효(커버리지 100%) | 최근 추세 하단(싼 구간) 접촉 | 현재도 채널 하단권 | 추세 하단 부근 쌍바닥/Higher-Low 형태 | 쌍바닥 넥라인 돌파 확인 | 이동평균선 밀집 | 추세 바닥권 거래량 급증 양봉 | 거래량 기준봉 저가 지지 | 기준봉 지지 후 재상승 전환,,15000.0,True,4.76,True,1.0,0.0753,True,14762.0,16343.0,15750.0,17924.0,14319.14,8.95,19.49,True,True,True,2.08,False,True,True,2026-07-30,True,False,2.02,2026-08-01,2026-08-21,15000.0,10,0,-0.267,14960.0,2026-08-07,-0.333,14950.0,2026-08-10,3.933,15590.0,2026-08-11,-0.8,14880.0,2026-08-12,-2.0,14700.0,2026-08-13,0.4,15060.0,2026-08-14,-0.467,14930.0,2026-08-18,-1.8,14730.0,2026-08-19,-2.267,14660.0,2026-08-20,-0.867,14870.0,2026-08-21,,,,,,,,,,,,,,,,,,,,,,,,,,,,,,,2026-08-21,3.933,-2.267,4.867,-3.867,,0.0,0.0,0.0,1.0,STOP,2026-08-19
032640,LG유플러스,2026-08-07,2026-08-07,CONFIRMED,87,LOWER_CHANNEL_CONFIRMED_REVERSAL,중기 Higher High + Higher Low | 상승추세 안의 단기 조정 + 전저점 유지 | 상승 평행채널 유효(커버리지 100%) | 최근 추세 하단(싼 구간) 접촉 | 현재도 채널 하단권 | 추세 하단 부근 쌍바닥/Higher-Low 형태 | 쌍바닥 넥라인 돌파 확인 | 이동평균선 밀집 | 추세 바닥권 거래량 급증 양봉 | 거래량 기준봉 저가 지지,,14960.0,True,5.02,True,1.0,0.0519,True,14796.0,16377.0,15750.0,17958.0,14352.12,9.47,20.04,True,True,True,2.08,False,True,True,2026-07-30,True,False,2.02,2026-08-01,2026-08-21,14960.0,9,0,-0.067,14950.0,2026-08-10,4.211,15590.0,2026-08-11,-0.535,14880.0,2026-08-12,-1.738,14700.0,2026-08-13,0.668,15060.0,2026-08-14,-0.201,14930.0,2026-08-18,-1.537,14730.0,2026-08-19,-2.005,14660.0,2026-08-20,-0.602,14870.0,2026-08-21,,,,,,,,,,,,,,,,,,,,,,,,,,,,,,,,,,2026-08-21,4.211,-2.005,5.147,-3.61,,0.0,0.0,0.0,1.0,STOP,2026-08-19
032640,LG유플러스,2026-08-10,2026-08-10,CONFIRMED,87,LOWER_CHANNEL_CONFIRMED_REVERSAL,중기 Higher High + Higher Low | 상승추세 안의 단기 조정 + 전저점 유지 | 상승 평행채널 유효(커버리지 100%) | 최근 추세 하단(싼 구간) 접촉 | 현재도 채널 하단권 | 추세 하단 부근 쌍바닥/Higher-Low 형태 | 쌍바닥 넥라인 돌파 확인 | 이동평균선 밀집 | 추세 바닥권 거래량 급증 양봉 | 거래량 기준봉 저가 지지,,14950.0,True,5.08,True,1.0,0.038,True,14830.0,16411.0,15750.0,17992.0,14385.1,9.77,20.35,True,True,True,2.02,False,True,True,2026-07-30,True,False,2.02,2026-08-01,2026-08-21,14950.0,8,0,4.281,15590.0,2026-08-11,-0.468,14880.0,2026-08-12,-1.672,14700.0,2026-08-13,0.736,15060.0,2026-08-14,-0.134,14930.0,2026-08-18,-1.472,14730.0,2026-08-19,-1.94,14660.0,2026-08-20,-0.535,14870.0,2026-08-21,,,,,,,,,,,,,,,,,,,,,,,,,,,,,,,,,,,,,2026-08-21,4.281,-1.94,5.217,-3.545,,0.0,0.0,0.0,1.0,STOP,2026-08-19
032640,LG유플러스,2026-08-11,2026-08-11,CONFIRMED,90,LOWER_CHANNEL_CONFIRMED_REVERSAL,중기 Higher High + Higher Low | 상승 평행채널 유효(커버리지 100%) | 최근 추세 하단(싼 구간) 접촉 | 현재도 채널 하단권 | 추세 하단 부근 쌍바닥/Higher-Low 형태 | 쌍바닥 넥라인 돌파 확인 | 이동평균선 밀집 | 이동평균선 재돌파 | 추세 바닥권 거래량 급증 양봉 | 거래량 기준봉 저가 지지 | 기준봉 지지 후 재상승 전환 | 재상승 후 5일선 지지,,15590.0,True,1.02,True,1.0,0.2296,True,14864.0,16445.0,15750.0,18026.0,14418.08,5.48,15.63,True,True,True,2.08,True,True,True,2026-07-30,True,False,2.02,2026-08-01,2026-08-21,15590.0,7,0,-4.554,14880.0,2026-08-12,-5.709,14700.0,2026-08-13,-3.4,15060.0,2026-08-14,-4.233,14930.0,2026-08-18,-5.516,14730.0,2026-08-19,-5.965,14660.0,2026-08-20,-4.618,14870.0,2026-08-21,,,,,,,,,,,,,,,,,,,,,,,,,,,,,,,,,,,,,,,,2026-08-21,-3.4,-5.965,-1.219,-7.505,,0.0,0.0,0.0,1.0,STOP,2026-08-19
032640,LG유플러스,2026-08-12,2026-08-12,WATCH,82,LOWER_CHANNEL_WATCH,중기 Higher High + Higher Low | 상승추세 안의 단기 조정 + 전저점 유지 | 상승 평행채널 유효(커버리지 100%) | 최근 추세 하단(싼 구간) 접촉 | 현재도 채널 하단권 | 추세 하단 부근 쌍바닥/Higher-Low 형태 | 이동평균선 밀집 | 추세 바닥권 거래량 급증 양봉 | 거래량 기준봉 저가 지지,,14880.0,True,5.52,True,1.0,-0.0057,True,14898.0,16479.0,15750.0,18060.0,14451.06,10.75,21.37,True,False,True,1.91,False,True,True,2026-07-30,True,False,2.02,2026-08-01,2026-08-21,14880.0,6,0,-1.21,14700.0,2026-08-13,1.21,15060.0,2026-08-14,0.336,14930.0,2026-08-18,-1.008,14730.0,2026-08-19,-1.478,14660.0,2026-08-20,-0.067,14870.0,2026-08-21,,,,,,,,,,,,,,,,,,,,,,,,,,,,,,,,,,,,,,,,,,,2026-08-21,1.21,-1.478,1.411,-3.091,,0.0,0.0,0.0,1.0,STOP,2026-08-19
032640,LG유플러스,2026-08-13,2026-08-13,WATCH,82,LOWER_CHANNEL_WATCH,중기 Higher High + Higher Low | 상승추세 안의 단기 조정 + 전저점 유지 | 상승 평행채널 유효(커버리지 100%) | 최근 추세 하단(싼 구간) 접촉 | 현재도 채널 하단권 | 추세 하단 부근 쌍바닥/Higher-Low 형태 | 이동평균선 밀집 | 추세 바닥권 거래량 급증 양봉 | 거래량 기준봉 저가 지지,,14700.0,True,6.67,True,1.0,-0.0734,True,14932.0,16513.0,15750.0,18094.0,14484.04,12.33,23.09,True,False,True,1.35,False,False,True,2026-07-30,True,False,2.02,2026-08-01,2026-08-21,14700.0,5,0,2.449,15060.0,2026-08-14,1.565,14930.0,2026-08-18,0.204,14730.0,2026-08-19,-0.272,14660.0,2026-08-20,1.156,14870.0,2026-08-21,,,,,,,,,,,,,,,,,,,,,,,,,,,,,,,,,,,,,,,,,,,,,,2026-08-21,2.449,-0.272,2.653,-1.905,,0.0,0.0,0.0,1.0,STOP,2026-08-19
021240,코웨이,2026-08-18,2026-08-18,WATCH,63,LOWER_CHANNEL_WATCH,중기 Higher High + Higher Low | 상승추세 안의 단기 조정 + 전저점 유지 | 상승 평행채널 유효(커버리지 100%) | 최근 추세 하단(싼 구간) 접촉 | 추세 하단 부근 쌍바닥/Higher-Low 형태 | 이동평균선 밀집,,96500.0,True,5.11,True,1.0,0.4908,True,90879.4872,96605.1282,101700.0,102330.7692,88153.1026,0.11,6.04,True,False,True,4.95,False,True,False,,False,False,,2026-08-01,2026-08-21,96500.0,3,0,-3.109,93500.0,2026-08-19,-3.212,93400.0,2026-08-20,-0.622,95900.0,2026-08-21,,,,,,,,,,,,,,,,,,,,,,,,,,,,,,,,,,,,,,,,,,,,,,,,,,,,2026-08-21,-0.622,-3.212,0.207,-4.87,,0.0,0.0,0.0,0.0,TIMEOUT,2026-08-21
021240,코웨이,2026-08-19,2026-08-19,WATCH,68,LOWER_CHANNEL_WATCH,중기 Higher High + Higher Low | 상승추세 안의 단기 조정 + 전저점 유지 | 상승 평행채널 유효(커버리지 100%) | 최근 추세 하단(싼 구간) 접촉 | 현재도 채널 하단권 | 추세 하단 부근 쌍바닥/Higher-Low 형태 | 이동평균선 밀집,,93500.0,True,8.06,True,1.0,0.2105,True,91089.7436,96815.3846,101700.0,102541.0256,88357.0513,3.55,9.67,True,False,True,4.24,False,False,False,,False,False,,2026-08-01,2026-08-21,93500.0,2,0,-0.107,93400.0,2026-08-20,2.567,95900.0,2026-08-21,,,,,,,,,,,,,,,,,,,,,,,,,,,,,,,,,,,,,,,,,,,,,,,,,,,,,,,2026-08-21,2.567,-0.107,3.422,-1.818,,0.0,0.0,0.0,0.0,TIMEOUT,2026-08-21
021240,코웨이,2026-08-20,2026-08-20,WATCH,68,LOWER_CHANNEL_WATCH,중기 Higher High + Higher Low | 상승추세 안의 단기 조정 + 전저점 유지 | 상승 평행채널 유효(커버리지 100%) | 최근 추세 하단(싼 구간) 접촉 | 현재도 채널 하단권 | 추세 하단 부근 쌍바닥/Higher-Low 형태 | 이동평균선 밀집,,93400.0,True,8.16,True,1.0,0.1834,True,91300.0,97025.641,101700.0,102751.2821,88561.0,3.88,10.01,True,False,True,3.74,False,False,False,,False,False,,2026-08-01,2026-08-21,93400.0,1,0,2.677,95900.0,2026-08-21,,,,,,,,,,,,,,,,,,,,,,,,,,,,,,,,,,,,,,,,,,,,,,,,,,,,,,,,,,2026-08-21,2.677,2.677,3.533,-1.713,,0.0,0.0,0.0,0.0,TIMEOUT,2026-08-21
021240,코웨이,2026-08-21,2026-08-21,WATCH,71,LOWER_CHANNEL_WATCH,중기 Higher High + Higher Low | 상승추세 안의 단기 조정 + 전저점 유지 | 상승 평행채널 유효(커버리지 100%) | 최근 추세 하단(싼 구간) 접촉 | 추세 하단 부근 쌍바닥/Higher-Low 형태 | 이동평균선 밀집 | 이동평균선 재돌파,,95900.0,True,5.7,True,1.0,0.3833,True,91510.2564,97235.8974,101700.0,102961.5385,88764.9487,1.39,7.36,True,False,True,3.34,True,False,False,,False,False,,2026-08-01,2026-08-21,95900.0,0,0,,,,,,,,,,,,,,,,,,,,,,,,,,,,,,,,,,,,,,,,,,,,,,,,,,,,,,,,,,,,,,,,,,,,,,,,
090430,아모레퍼시픽,2026-08-07,2026-08-07,WATCH,60,LOWER_CHANNEL_WATCH,중기 Higher High + Higher Low | 상승 평행채널 유효(커버리지 100%) | 최근 추세 하단(싼 구간) 접촉 | 추세 하단 부근 쌍바닥/Higher-Low 형태 | 쌍바닥 넥라인 돌파 확인 | 이동평균선 재돌파 | 재상승 후 5일선 지지,,141800.0,True,0.14,True,1.0,0.722,True,120782.3529,135338.2353,130500.0,149894.1176,117158.8824,-4.56,5.71,True,True,False,12.37,True,True,False,,False,False,,2026-08-01,2026-08-21,141800.0,9,0,-4.231,135800.0,2026-08-10,-3.173,137300.0,2026-08-11,-4.302,135700.0,2026-08-12,-5.148,134500.0,2026-08-13,-4.302,135700.0,2026-08-14,-6.77,132200.0,2026-08-18,-6.135,133100.0,2026-08-19,-3.667,136600.0,2026-08-20,-2.68,138000.0,2026-08-21,,,,,,,,,,,,,,,,,,,,,,,,,,,,,,,,,,2026-08-21,-2.68,-6.77,-0.494,-8.181,,,,0.0,0.0,TIMEOUT,2026-08-21
090430,아모레퍼시픽,2026-08-10,2026-08-10,WATCH,68,LOWER_CHANNEL_WATCH,중기 Higher High + Higher Low | 상승추세 안의 단기 조정 + 전저점 유지 | 상승 평행채널 유효(커버리지 100%) | 최근 추세 하단(싼 구간) 접촉 | 추세 하단 부근 쌍바닥/Higher-Low 형태 | 쌍바닥 넥라인 돌파 확인 | 이동평균선 재돌파,,135800.0,True,4.37,True,1.0,0.4841,True,121705.8824,136261.7647,130500.0,150817.6471,118054.7059,0.34,11.06,True,True,False,13.61,True,False,False,,False,False,,2026-08-01,2026-08-21,135800.0,8,0,1.105,137300.0,2026-08-11,-0.074,135700.0,2026-08-12,-0.957,134500.0,2026-08-13,-0.074,135700.0,2026-08-14,-2.651,132200.0,2026-08-18,-1.988,133100.0,2026-08-19,0.589,136600.0,2026-08-20,1.62,138000.0,2026-08-21,,,,,,,,,,,,,,,,,,,,,,,,,,,,,,,,,,,,,2026-08-21,1.62,-2.651,3.903,-4.124,,1.0,,0.0,0.0,TIMEOUT,2026-08-21
090430,아모레퍼시픽,2026-08-11,2026-08-11,WATCH,70,LOWER_CHANNEL_WATCH,중기 Higher High + Higher Low | 상승추세 안의 단기 조정 + 전저점 유지 | 상승 평행채널 유효(커버리지 100%) | 최근 추세 하단(싼 구간) 접촉 | 추세 하단 부근 쌍바닥/Higher-Low 형태 | 쌍바닥 넥라인 돌파 확인 | 이동평균선 재돌파 | 재상승 후 5일선 지지,,137300.0,True,3.31,True,1.0,0.5039,True,122629.4118,137185.2941,130500.0,151741.1765,118950.5294,-0.08,10.52,True,True,False,14.16,True,True,False,,False,False,,2026-08-01,2026-08-21,137300.0,7,0,-1.165,135700.0,2026-08-12,-2.039,134500.0,2026-08-13,-1.165,135700.0,2026-08-14,-3.714,132200.0,2026-08-18,-3.059,133100.0,2026-08-19,-0.51,136600.0,2026-08-20,0.51,138000.0,2026-08-21,,,,,,,,,,,,,,,,,,,,,,,,,,,,,,,,,,,,,,,,2026-08-21,0.51,-3.714,2.768,-5.171,,,,0.0,0.0,TIMEOUT,2026-08-21
090430,아모레퍼시픽,2026-08-12,2026-08-12,WATCH,60,LOWER_CHANNEL_WATCH,중기 Higher High + Higher Low | 상승추세 안의 단기 조정 + 전저점 유지 | 상승 평행채널 유효(커버리지 89%) | 최근 추세 하단(싼 구간) 접촉 | 추세 하단 부근 쌍바닥/Higher-Low 형태 | 쌍바닥 넥라인 돌파 확인,,135700.0,True,4.44,True,0.8909,0.6894,True,119237.2549,131177.451,142000.0,143117.6471,115660.1373,-3.33,5.47,True,True,False,14.81,False,True,False,,False,False,,2026-08-01,2026-08-21,135700.0,6,0,-0.884,134500.0,2026-08-13,0.0,135700.0,2026-08-14,-2.579,132200.0,2026-08-18,-1.916,133100.0,2026-08-19,0.663,136600.0,2026-08-20,1.695,138000.0,2026-08-21,,,,,,,,,,,,,,,,,,,,,,,,,,,,,,,,,,,,,,,,,,,2026-08-21,1.695,-2.579,2.063,-4.053,,,0.0,0.0,0.0,TIMEOUT,2026-08-21
090430,아모레퍼시픽,2026-08-13,2026-08-13,WATCH,60,LOWER_CHANNEL_WATCH,중기 Higher High + Higher Low | 상승추세 안의 단기 조정 + 전저점 유지 | 상승 평행채널 유효(커버리지 89%) | 최근 추세 하단(싼 구간) 접촉 | 추세 하단 부근 쌍바닥/Higher-Low 형태 | 쌍바닥 넥라인 돌파 확인,,134500.0,True,5.28,True,0.8929,0.6235,True,119609.8039,131550.0,142000.0,143490.1961,116021.5098,-2.19,6.68,True,True,False,14.28,False,False,False,,False,False,,2026-08-01,2026-08-21,134500.0,5,0,0.892,135700.0,2026-08-14,-1.71,132200.0,2026-08-18,-1.041,133100.0,2026-08-19,1.561,136600.0,2026-08-20,2.602,138000.0,2026-08-21,,,,,,,,,,,,,,,,,,,,,,,,,,,,,,,,,,,,,,,,,,,,,,2026-08-21,2.602,-1.71,2.974,-3.197,,,0.0,0.0,0.0,TIMEOUT,2026-08-21
090430,아모레퍼시픽,2026-08-14,2026-08-14,WATCH,60,LOWER_CHANNEL_WATCH,중기 Higher High + Higher Low | 상승추세 안의 단기 조정 + 전저점 유지 | 상승 평행채널 유효(커버리지 89%) | 최근 추세 하단(싼 구간) 접촉 | 추세 하단 부근 쌍바닥/Higher-Low 형태 | 쌍바닥 넥라인 돌파 확인,,135700.0,True,4.44,True,0.8947,0.6582,True,119982.3529,131922.549,142000.0,143862.7451,116382.8824,-2.78,6.02,True,True,False,13.06,False,False,False,,False,False,,2026-08-01,2026-08-21,135700.0,4,0,-2.579,132200.0,2026-08-18,-1.916,133100.0,2026-08-19,0.663,136600.0,2026-08-20,1.695,138000.0,2026-08-21,,,,,,,,,,,,,,,,,,,,,,,,,,,,,,,,,,,,,,,,,,,,,,,,,2026-08-21,1.695,-2.579,2.063,-4.053,,,0.0,0.0,0.0,TIMEOUT,2026-08-21
090430,아모레퍼시픽,2026-08-18,2026-08-18,WATCH,60,LOWER_CHANNEL_WATCH,중기 Higher High + Higher Low | 상승추세 안의 단기 조정 + 전저점 유지 | 상승 평행채널 유효(커버리지 90%) | 최근 추세 하단(싼 구간) 접촉 | 추세 하단 부근 쌍바닥/Higher-Low 형태 | 쌍바닥 넥라인 돌파 확인,,132200.0,True,6.9,True,0.8966,0.496,True,120354.902,132295.098,142000.0,144235.2941,116744.2549,0.07,9.1,True,True,False,12.66,False,False,False,,False,False,,2026-08-01,2026-08-21,132200.0,3,0,0.681,133100.0,2026-08-19,3.328,136600.0,2026-08-20,4.387,138000.0,2026-08-21,,,,,,,,,,,,,,,,,,,,,,,,,,,,,,,,,,,,,,,,,,,,,,,,,,,,2026-08-21,4.387,0.681,4.766,-1.286,,1.0,0.0,0.0,0.0,TIMEOUT,2026-08-21
090430,아모레퍼시픽,2026-08-19,2026-08-19,WATCH,60,LOWER_CHANNEL_WATCH,중기 Higher High + Higher Low | 상승추세 안의 단기 조정 + 전저점 유지 | 상승 평행채널 유효(커버리지 90%) | 최근 추세 하단(싼 구간) 접촉 | 추세 하단 부근 쌍바닥/Higher-Low 형태 | 쌍바닥 넥라인 돌파 확인,,133100.0,True,6.27,True,0.8983,0.5181,True,120727.451,132667.6471,142000.0,144607.8431,117105.6275,-0.32,8.65,True,True,False,11.74,False,False,False,,False,False,,2026-08-01,2026-08-21,133100.0,2,0,2.63,136600.0,2026-08-20,3.681,138000.0,2026-08-21,,,,,,,,,,,,,,,,,,,,,,,,,,,,,,,,,,,,,,,,,,,,,,,,,,,,,,,2026-08-21,3.681,2.63,4.057,-0.526,,,0.0,0.0,0.0,TIMEOUT,2026-08-21
090430,아모레퍼시픽,2026-08-20,2026-08-20,WATCH,70,LOWER_CHANNEL_WATCH,중기 Higher High + Higher Low | 상승추세 안의 단기 조정 + 전저점 유지 | 상승 평행채널 유효(커버리지 90%) | 최근 추세 하단(싼 구간) 접촉 | 추세 하단 부근 쌍바닥/Higher-Low 형태 | 쌍바닥 넥라인 돌파 확인 | 이동평균선 재돌파 | 재상승 후 5일선 지지,,136600.0,True,3.8,True,0.9,0.6491,True,121100.0,133040.1961,142000.0,144980.3922,117467.0,-2.61,6.13,True,True,False,11.37,True,True,False,,False,False,,2026-08-01,2026-08-21,136600.0,1,0,1.025,138000.0,2026-08-21,,,,,,,,,,,,,,,,,,,,,,,,,,,,,,,,,,,,,,,,,,,,,,,,,,,,,,,,,,2026-08-21,1.025,1.025,1.391,-1.025,,,0.0,0.0,0.0,TIMEOUT,2026-08-21
090430,아모레퍼시픽,2026-08-21,2026-08-21,WATCH,60,LOWER_CHANNEL_WATCH,중기 Higher High + Higher Low | 상승 평행채널 유효(커버리지 90%) | 최근 추세 하단(싼 구간) 접촉 | 추세 하단 부근 쌍바닥/Higher-Low 형태 | 쌍바닥 넥라인 돌파 확인 | 이동평균선 재돌파 | 재상승 후 5일선 지지,,138000.0,True,2.82,True,0.9016,0.6921,True,121472.549,133412.7451,142000.0,145352.9412,126294.0,-3.32,5.33,True,True,False,11.53,True,True,False,,False,False,,2026-08-01,2026-08-21,138000.0,0,0,,,,,,,,,,,,,,,,,,,,,,,,,,,,,,,,,,,,,,,,,,,,,,,,,,,,,,,,,,,,,,,,,,,,,,,,
000100,유한양행,2026-08-14,2026-08-14,WATCH,70,LOWER_CHANNEL_WATCH,중기 Higher High + Higher Low | 상승추세 안의 단기 조정 + 전저점 유지 | 상승 평행채널 유효(커버리지 100%) | 최근 추세 하단(싼 구간) 접촉 | 추세 하단 부근 쌍바닥/Higher-Low 형태 | 쌍바닥 넥라인 돌파 확인 | 이동평균선 재돌파 | 재상승 후 5일선 지지,,83700.0,True,4.34,True,1.0,0.7525,True,70636.8421,79317.1053,87500.0,87997.3684,68517.7368,-5.24,5.13,True,True,False,9.43,True,True,False,,False,False,,2026-08-01,2026-08-21,83700.0,4,0,-4.898,79600.0,2026-08-18,-4.898,79600.0,2026-08-19,-0.358,83400.0,2026-08-20,-1.673,82300.0,2026-08-21,,,,,,,,,,,,,,,,,,,,,,,,,,,,,,,,,,,,,,,,,,,,,,,,,2026-08-21,-0.358,-4.898,0.717,-7.407,,,0.0,0.0,0.0,TIMEOUT,2026-08-21
000100,유한양행,2026-08-18,2026-08-18,WATCH,60,LOWER_CHANNEL_WATCH,중기 Higher High + Higher Low | 상승추세 안의 단기 조정 + 전저점 유지 | 상승 평행채널 유효(커버리지 100%) | 최근 추세 하단(싼 구간) 접촉 | 추세 하단 부근 쌍바닥/Higher-Low 형태 | 쌍바닥 넥라인 돌파 확인,,79600.0,True,9.03,True,1.0,0.5067,True,70802.6316,79482.8947,87500.0,88163.1579,68678.5526,-0.15,10.76,True,True,False,9.36,False,False,False,,False,False,,2026-08-01,2026-08-21,79600.0,3,0,0.0,79600.0,2026-08-19,4.774,83400.0,2026-08-20,3.392,82300.0,2026-08-21,,,,,,,,,,,,,,,,,,,,,,,,,,,,,,,,,,,,,,,,,,,,,,,,,,,,2026-08-21,4.774,0.0,5.905,-2.638,,,0.0,0.0,0.0,TIMEOUT,2026-08-21
000100,유한양행,2026-08-19,2026-08-19,WATCH,60,LOWER_CHANNEL_WATCH,중기 Higher High + Higher Low | 상승추세 안의 단기 조정 + 전저점 유지 | 상승 평행채널 유효(커버리지 100%) | 최근 추세 하단(싼 구간) 접촉 | 추세 하단 부근 쌍바닥/Higher-Low 형태 | 쌍바닥 넥라인 돌파 확인,,79600.0,True,9.03,True,1.0,0.4972,True,70968.4211,79648.6842,87500.0,88328.9474,68839.3684,0.06,10.97,True,True,False,7.94,False,False,False,,False,False,,2026-08-01,2026-08-21,79600.0,2,0,4.774,83400.0,2026-08-20,3.392,82300.0,2026-08-21,,,,,,,,,,,,,,,,,,,,,,,,,,,,,,,,,,,,,,,,,,,,,,,,,,,,,,,2026-08-21,4.774,3.392,5.905,1.382,,1.0,0.0,0.0,0.0,TIMEOUT,2026-08-21
000100,유한양행,2026-08-20,2026-08-20,WATCH,70,LOWER_CHANNEL_WATCH,중기 Higher High + Higher Low | 상승추세 안의 단기 조정 + 전저점 유지 | 상승 평행채널 유효(커버리지 100%) | 최근 추세 하단(싼 구간) 접촉 | 추세 하단 부근 쌍바닥/Higher-Low 형태 | 쌍바닥 넥라인 돌파 확인 | 이동평균선 재돌파 | 재상승 후 5일선 지지,,83400.0,True,4.69,True,1.0,0.7065,True,71134.2105,79814.4737,87500.0,88494.7368,69000.1842,-4.3,6.11,True,True,False,7.75,True,True,False,,False,False,,2026-08-01,2026-08-21,83400.0,1,0,-1.319,82300.0,2026-08-21,,,,,,,,,,,,,,,,,,,,,,,,,,,,,,,,,,,,,,,,,,,,,,,,,,,,,,,,,,2026-08-21,-1.319,-1.319,0.6,-3.237,,,0.0,0.0,0.0,TIMEOUT,2026-08-21
000100,유한양행,2026-08-21,2026-08-21,WATCH,70,LOWER_CHANNEL_WATCH,중기 Higher High + Higher Low | 상승추세 안의 단기 조정 + 전저점 유지 | 상승 평행채널 유효(커버리지 100%) | 최근 추세 하단(싼 구간) 접촉 | 추세 하단 부근 쌍바닥/Higher-Low 형태 | 쌍바닥 넥라인 돌파 확인 | 이동평균선 재돌파 | 재상승 후 5일선 지지,,82300.0,True,5.94,True,1.0,0.6336,True,71300.0,79980.2632,87500.0,88660.5263,69161.0,-2.82,7.73,True,True,False,7.88,True,True,False,,False,False,,2026-08-01,2026-08-21,82300.0,0,0,,,,,,,,,,,,,,,,,,,,,,,,,,,,,,,,,,,,,,,,,,,,,,,,,,,,,,,,,,,,,,,,,,,,,,,,
377300,카카오페이,2026-08-03,2026-08-03,WATCH,65,LOWER_CHANNEL_WATCH,중기 Higher High + Higher Low | 상승추세 안의 단기 조정 + 전저점 유지 | 상승 평행채널 유효(커버리지 100%) | 최근 추세 하단(싼 구간) 접촉 | 현재도 채널 하단권 | 추세 하단 부근 쌍바닥/Higher-Low 형태 | 쌍바닥 넥라인 돌파 확인,,42950.0,True,7.03,True,1.0,0.3456,True,40420.0,44080.0,46200.0,47740.0,39207.4,2.63,11.15,True,True,False,9.01,False,True,False,,False,False,,2026-08-01,2026-08-21,42950.0,13,0,1.979,43800.0,2026-08-04,-3.26,41550.0,2026-08-05,-2.678,41800.0,2026-08-06,-2.212,42000.0,2026-08-07,2.91,44200.0,2026-08-10,4.54,44900.0,2026-08-11,2.328,43950.0,2026-08-12,4.075,44700.0,2026-08-13,5.122,45150.0,2026-08-14,-0.233,42850.0,2026-08-18,-3.958,41250.0,2026-08-19,4.657,44950.0,2026-08-20,-1.048,42500.0,2026-08-21,,,,,,,,,,,,,,,,,,,,,,2026-08-21,5.122,-3.958,9.08,-5.471,,1.0,1.0,0.0,1.0,STOP,2026-08-19
377300,카카오페이,2026-08-04,2026-08-04,WATCH,60,LOWER_CHANNEL_WATCH,중기 Higher High + Higher Low | 상승추세 안의 단기 조정 + 전저점 유지 | 상승 평행채널 유효(커버리지 100%) | 최근 추세 하단(싼 구간) 접촉 | 추세 하단 부근 쌍바닥/Higher-Low 형태 | 쌍바닥 넥라인 돌파 확인,,43800.0,True,5.19,True,1.0,0.4317,True,40640.0,44300.0,46200.0,47960.0,39420.8,1.14,9.5,True,True,False,7.83,False,True,False,,False,False,,2026-08-01,2026-08-21,43800.0,12,0,-5.137,41550.0,2026-08-05,-4.566,41800.0,2026-08-06,-4.11,42000.0,2026-08-07,0.913,44200.0,2026-08-10,2.511,44900.0,2026-08-11,0.342,43950.0,2026-08-12,2.055,44700.0,2026-08-13,3.082,45150.0,2026-08-14,-2.169,42850.0,2026-08-18,-5.822,41250.0,2026-08-19,2.626,44950.0,2026-08-20,-2.968,42500.0,2026-08-21,,,,,,,,,,,,,,,,,,,,,,,,,2026-08-21,3.082,-5.822,6.963,-7.306,,1.0,1.0,0.0,1.0,STOP,2026-08-19
377300,카카오페이,2026-08-05,2026-08-05,WATCH,60,LOWER_CHANNEL_WATCH,중기 Higher High + Higher Low | 상승추세 안의 단기 조정 + 전저점 유지 | 상승 평행채널 유효(커버리지 100%) | 최근 추세 하단(싼 구간) 접촉 | 현재도 채널 하단권 | 추세 하단 부근 쌍바닥/Higher-Low 형태,,41550.0,True,11.12,True,1.0,0.0943,True,40860.0,44520.0,46200.0,48180.0,39634.2,7.15,15.96,True,False,False,7.39,False,True,False,,False,False,,2026-08-01,2026-08-21,41550.0,11,0,0.602,41800.0,2026-08-06,1.083,42000.0,2026-08-07,6.378,44200.0,2026-08-10,8.063,44900.0,2026-08-11,5.776,43950.0,2026-08-12,7.581,44700.0,2026-08-13,8.664,45150.0,2026-08-14,3.129,42850.0,2026-08-18,-0.722,41250.0,2026-08-19,8.183,44950.0,2026-08-20,2.286,42500.0,2026-08-21,,,,,,,,,,,,,,,,,,,,,,,,,,,,2026-08-21,8.664,-0.722,12.756,-2.286,,1.0,0.0,0.0,1.0,STOP,2026-08-19
377300,카카오페이,2026-08-06,2026-08-06,WATCH,68,LOWER_CHANNEL_WATCH,중기 Higher High + Higher Low | 상승추세 안의 단기 조정 + 전저점 유지 | 상승 평행채널 유효(커버리지 100%) | 최근 추세 하단(싼 구간) 접촉 | 현재도 채널 하단권 | 추세 하단 부근 쌍바닥/Higher-Low 형태 | 이동평균선 밀집,,41800.0,True,10.59,True,1.0,0.0984,True,41080.0,44740.0,46200.0,48400.0,39847.6,7.03,15.79,True,False,True,6.21,False,False,False,,False,False,,2026-08-01,2026-08-21,41800.0,10,0,0.478,42000.0,2026-08-07,5.742,44200.0,2026-08-10,7.416,44900.0,2026-08-11,5.144,43950.0,2026-08-12,6.938,44700.0,2026-08-13,8.014,45150.0,2026-08-14,2.512,42850.0,2026-08-18,-1.316,41250.0,2026-08-19,7.536,44950.0,2026-08-20,1.675,42500.0,2026-08-21,,,,,,,,,,,,,,,,,,,,,,,,,,,,,,,2026-08-21,8.014,-1.316,12.081,-2.751,,1.0,0.0,0.0,1.0,STOP,2026-08-19
377300,카카오페이,2026-08-07,2026-08-07,WATCH,68,LOWER_CHANNEL_WATCH,중기 Higher High + Higher Low | 상승추세 안의 단기 조정 + 전저점 유지 | 상승 평행채널 유효(커버리지 100%) | 최근 추세 하단(싼 구간) 접촉 | 현재도 채널 하단권 | 추세 하단 부근 쌍바닥/Higher-Low 형태 | 이동평균선 밀집,,42000.0,True,10.16,True,1.0,0.0956,True,41300.0,44960.0,46200.0,48620.0,40061.0,7.05,15.76,True,False,True,5.02,False,False,False,,False,False,,2026-08-01,2026-08-21,42000.0,9,0,5.238,44200.0,2026-08-10,6.905,44900.0,2026-08-11,4.643,43950.0,2026-08-12,6.429,44700.0,2026-08-13,7.5,45150.0,2026-08-14,2.024,42850.0,2026-08-18,-1.786,41250.0,2026-08-19,7.024,44950.0,2026-08-20,1.19,42500.0,2026-08-21,,,,,,,,,,,,,,,,,,,,,,,,,,,,,,,,,,2026-08-21,7.5,-1.786,11.548,-3.214,,1.0,0.0,0.0,1.0,STOP,2026-08-19
377300,카카오페이,2026-08-10,2026-08-10,CONFIRMED,78,LOWER_CHANNEL_CONFIRMED_REVERSAL,중기 Higher High + Higher Low | 상승추세 안의 단기 조정 + 전저점 유지 | 상승 평행채널 유효(커버리지 100%) | 최근 추세 하단(싼 구간) 접촉 | 추세 하단 부근 쌍바닥/Higher-Low 형태 | 쌍바닥 넥라인 돌파 확인 | 이동평균선 밀집 | 이동평균선 재돌파 | 재상승 후 5일선 지지,,44200.0,True,5.45,True,1.0,0.5646,True,40268.75,43750.0,46750.0,47231.25,39060.6875,-1.02,6.86,True,True,True,3.9,True,True,False,,False,False,,2026-08-01,2026-08-21,44200.0,8,0,1.584,44900.0,2026-08-11,-0.566,43950.0,2026-08-12,1.131,44700.0,2026-08-13,2.149,45150.0,2026-08-14,-3.054,42850.0,2026-08-18,-6.674,41250.0,2026-08-19,1.697,44950.0,2026-08-20,-3.846,42500.0,2026-08-21,,,,,,,,,,,,,,,,,,,,,,,,,,,,,,,,,,,,,2026-08-21,2.149,-6.674,5.995,-8.032,,,1.0,0.0,0.0,TIMEOUT,2026-08-21
377300,카카오페이,2026-08-11,2026-08-11,WATCH,78,LOWER_CHANNEL_WATCH,중기 Higher High + Higher Low | 상승추세 안의 단기 조정 + 전저점 유지 | 상승 평행채널 유효(커버리지 100%) | 최근 추세 하단(싼 구간) 접촉 | 추세 하단 부근 쌍바닥/Higher-Low 형태 | 쌍바닥 넥라인 돌파 확인 | 이동평균선 밀집 | 이동평균선 재돌파 | 재상승 후 5일선 지지,,44900.0,True,3.96,True,1.0,0.6421,True,40429.1667,43910.4167,46750.0,47391.6667,39382.0,-2.2,5.55,True,True,True,2.79,True,True,False,,False,False,,2026-08-01,2026-08-21,44900.0,7,0,-2.116,43950.0,2026-08-12,-0.445,44700.0,2026-08-13,0.557,45150.0,2026-08-14,-4.566,42850.0,2026-08-18,-8.129,41250.0,2026-08-19,0.111,44950.0,2026-08-20,-5.345,42500.0,2026-08-21,,,,,,,,,,,,,,,,,,,,,,,,,,,,,,,,,,,,,,,,2026-08-21,0.557,-8.129,4.343,-9.465,,,1.0,0.0,0.0,TIMEOUT,2026-08-21
377300,카카오페이,2026-08-12,2026-08-12,CONFIRMED,78,LOWER_CHANNEL_CONFIRMED_REVERSAL,중기 Higher High + Higher Low | 상승추세 안의 단기 조정 + 전저점 유지 | 상승 평행채널 유효(커버리지 100%) | 최근 추세 하단(싼 구간) 접촉 | 추세 하단 부근 쌍바닥/Higher-Low 형태 | 쌍바닥 넥라인 돌파 확인 | 이동평균선 밀집 | 이동평균선 재돌파 | 재상승 후 5일선 지지,,43950.0,True,5.99,True,1.0,0.4826,True,40589.5833,44070.8333,46750.0,47552.0833,39382.0,0.27,8.2,True,True,True,2.88,True,True,False,,False,False,,2026-08-01,2026-08-21,43950.0,6,0,1.706,44700.0,2026-08-13,2.73,45150.0,2026-08-14,-2.503,42850.0,2026-08-18,-6.143,41250.0,2026-08-19,2.275,44950.0,2026-08-20,-3.299,42500.0,2026-08-21,,,,,,,,,,,,,,,,,,,,,,,,,,,,,,,,,,,,,,,,,,,2026-08-21,2.73,-6.143,6.598,-7.509,,1.0,1.0,0.0,0.0,TIMEOUT,2026-08-21
377300,카카오페이,2026-08-13,2026-08-13,CONFIRMED,78,LOWER_CHANNEL_CONFIRMED_REVERSAL,중기 Higher High + Higher Low | 상승추세 안의 단기 조정 + 전저점 유지 | 상승 평행채널 유효(커버리지 100%) | 최근 추세 하단(싼 구간) 접촉 | 추세 하단 부근 쌍바닥/Higher-Low 형태 | 쌍바닥 넥라인 돌파 확인 | 이동평균선 밀집 | 이동평균선 재돌파 | 재상승 후 5일선 지지,,44700.0,True,4.39,True,1.0,0.5673,True,40750.0,44231.25,46750.0,47712.5,39527.5,-1.05,6.74,True,True,True,3.66,True,True,False,,False,False,,2026-08-01,2026-08-21,44700.0,5,0,1.007,45150.0,2026-08-14,-4.139,42850.0,2026-08-18,-7.718,41250.0,2026-08-19,0.559,44950.0,2026-08-20,-4.922,42500.0,2026-08-21,,,,,,,,,,,,,,,,,,,,,,,,,,,,,,,,,,,,,,,,,,,,,,2026-08-21,1.007,-7.718,4.81,-9.06,,,1.0,0.0,0.0,TIMEOUT,2026-08-21
